Indicator Name,Indicator Code,Economy Name,Economy Code,2020 [YR2020]
"Survival Rate from Age 15-60, Female",HD.HCI.AMRT.FE,Afghanistan,AFG,0.811160564
"Survival Rate from Age 15-60, Female",HD.HCI.AMRT.FE,Albania,ALB,0.950911701
"Survival Rate from Age 15-60, Female",HD.HCI.AMRT.FE,Algeria,DZA,0.920461476
"Survival Rate from Age 15-60, Female",HD.HCI.AMRT.FE,American Samoa,ASM,..
"Survival Rate from Age 15-60, Female",HD.HCI.AMRT.FE,Andorra,AND,..
"Survival Rate from Age 15-60, Female",HD.HCI.AMRT.FE,Angola,AGO,0.783179283
"Survival Rate from Age 15-60, Female",HD.HCI.AMRT.FE,Antigua and Barbuda,ATG,0.917915642
"Survival Rate from Age 15-60, Female",HD.HCI.AMRT.FE,Argentina,ARG,0.921317935
"Survival Rate from Age 15-60, Female",HD.HCI.AMRT.FE,Armenia,ARM,0.935094476
"Survival Rate from Age 15-60, Female",HD.HCI.AMRT.FE,Aruba,ABW,..
"Survival Rate from Age 15-60, Female",HD.HCI.AMRT.FE,Australia,AUS,0.960026324
"Survival Rate from Age 15-60, Female",HD.HCI.AMRT.FE,Austria,AUT,0.95684433
"Survival Rate from Age 15-60, Female",HD.HCI.AMRT.FE,Azerbaijan,AZE,0.911737084
"Survival Rate from Age 15-60, Female",HD.HCI.AMRT.FE,"Bahamas, The",BHS,..
"Survival Rate from Age 15-60, Female",HD.HCI.AMRT.FE,Bahrain,BHR,0.944542408
"Survival Rate from Age 15-60, Female",HD.HCI.AMRT.FE,Bangladesh,BGD,0.887490451
"Survival Rate from Age 15-60, Female",HD.HCI.AMRT.FE,Barbados,BRB,..
"Survival Rate from Age 15-60, Female",HD.HCI.AMRT.FE,Belarus,BLR,0.923246622
"Survival Rate from Age 15-60, Female",HD.HCI.AMRT.FE,Belgium,BEL,0.948368788
"Survival Rate from Age 15-60, Female",HD.HCI.AMRT.FE,Belize,BLZ,..
"Survival Rate from Age 15-60, Female",HD.HCI.AMRT.FE,Benin,BEN,0.791960597
"Survival Rate from Age 15-60, Female",HD.HCI.AMRT.FE,Bermuda,BMU,..
"Survival Rate from Age 15-60, Female",HD.HCI.AMRT.FE,Bhutan,BTN,0.808811426
"Survival Rate from Age 15-60, Female",HD.HCI.AMRT.FE,Bolivia,BOL,..
"Survival Rate from Age 15-60, Female",HD.HCI.AMRT.FE,Bosnia and Herzegovina,BIH,0.94103688
"Survival Rate from Age 15-60, Female",HD.HCI.AMRT.FE,Botswana,BWA,0.839711845
"Survival Rate from Age 15-60, Female",HD.HCI.AMRT.FE,Brazil,BRA,0.909704208
"Survival Rate from Age 15-60, Female",HD.HCI.AMRT.FE,British Virgin Islands,VGB,..
"Survival Rate from Age 15-60, Female",HD.HCI.AMRT.FE,Brunei Darussalam,BRN,0.90245235
"Survival Rate from Age 15-60, Female",HD.HCI.AMRT.FE,Bulgaria,BGR,0.916523039
"Survival Rate from Age 15-60, Female",HD.HCI.AMRT.FE,Burkina Faso,BFA,0.77643913
"Survival Rate from Age 15-60, Female",HD.HCI.AMRT.FE,Burundi,BDI,0.751087248
"Survival Rate from Age 15-60, Female",HD.HCI.AMRT.FE,Cabo Verde,CPV,..
"Survival Rate from Age 15-60, Female",HD.HCI.AMRT.FE,Cambodia,KHM,0.869816959
"Survival Rate from Age 15-60, Female",HD.HCI.AMRT.FE,Cameroon,CMR,0.722602189
"Survival Rate from Age 15-60, Female",HD.HCI.AMRT.FE,Canada,CAN,0.953041434
"Survival Rate from Age 15-60, Female",HD.HCI.AMRT.FE,Cayman Islands,CYM,..
"Survival Rate from Age 15-60, Female",HD.HCI.AMRT.FE,Central African Republic,CAF,0.632054925
"Survival Rate from Age 15-60, Female",HD.HCI.AMRT.FE,Chad,TCD,0.667302072
"Survival Rate from Age 15-60, Female",HD.HCI.AMRT.FE,Channel Islands,CHI,..
"Survival Rate from Age 15-60, Female",HD.HCI.AMRT.FE,Chile,CHL,0.941492498
"Survival Rate from Age 15-60, Female",HD.HCI.AMRT.FE,China,CHN,0.94054693
"Survival Rate from Age 15-60, Female",HD.HCI.AMRT.FE,Colombia,COL,0.922924578
"Survival Rate from Age 15-60, Female",HD.HCI.AMRT.FE,Comoros,COM,0.807891488
"Survival Rate from Age 15-60, Female",HD.HCI.AMRT.FE,"Congo, Dem. Rep.",COD,0.778118968
"Survival Rate from Age 15-60, Female",HD.HCI.AMRT.FE,"Congo, Rep.",COG,0.762858748
"Survival Rate from Age 15-60, Female",HD.HCI.AMRT.FE,Costa Rica,CRI,0.943805814
"Survival Rate from Age 15-60, Female",HD.HCI.AMRT.FE,Cote d'Ivoire,CIV,0.679018319
"Survival Rate from Age 15-60, Female",HD.HCI.AMRT.FE,Croatia,HRV,0.950894475
"Survival Rate from Age 15-60, Female",HD.HCI.AMRT.FE,Cuba,CUB,..
"Survival Rate from Age 15-60, Female",HD.HCI.AMRT.FE,Curacao,CUW,..
"Survival Rate from Age 15-60, Female",HD.HCI.AMRT.FE,Cyprus,CYP,0.967579901
"Survival Rate from Age 15-60, Female",HD.HCI.AMRT.FE,Czech Republic,CZE,0.948098361
"Survival Rate from Age 15-60, Female",HD.HCI.AMRT.FE,Denmark,DNK,0.948270738
"Survival Rate from Age 15-60, Female",HD.HCI.AMRT.FE,Djibouti,DJI,..
"Survival Rate from Age 15-60, Female",HD.HCI.AMRT.FE,Dominica,DMA,0.896381855
"Survival Rate from Age 15-60, Female",HD.HCI.AMRT.FE,Dominican Republic,DOM,0.886451244
"Survival Rate from Age 15-60, Female",HD.HCI.AMRT.FE,Ecuador,ECU,0.913066864
"Survival Rate from Age 15-60, Female",HD.HCI.AMRT.FE,"Egypt, Arab Rep.",EGY,0.895961821
"Survival Rate from Age 15-60, Female",HD.HCI.AMRT.FE,El Salvador,SLV,0.898103893
"Survival Rate from Age 15-60, Female",HD.HCI.AMRT.FE,Equatorial Guinea,GNQ,..
"Survival Rate from Age 15-60, Female",HD.HCI.AMRT.FE,Eritrea,ERI,..
"Survival Rate from Age 15-60, Female",HD.HCI.AMRT.FE,Estonia,EST,0.944504857
"Survival Rate from Age 15-60, Female",HD.HCI.AMRT.FE,Eswatini,SWZ,0.695531964
"Survival Rate from Age 15-60, Female",HD.HCI.AMRT.FE,Ethiopia,ETH,0.818898022
"Survival Rate from Age 15-60, Female",HD.HCI.AMRT.FE,Faroe Islands,FRO,..
"Survival Rate from Age 15-60, Female",HD.HCI.AMRT.FE,Fiji,FJI,0.827280521
"Survival Rate from Age 15-60, Female",HD.HCI.AMRT.FE,Finland,FIN,0.956479669
"Survival Rate from Age 15-60, Female",HD.HCI.AMRT.FE,France,FRA,0.950591385
"Survival Rate from Age 15-60, Female",HD.HCI.AMRT.FE,French Polynesia,PYF,..
"Survival Rate from Age 15-60, Female",HD.HCI.AMRT.FE,Gabon,GAB,0.819949746
"Survival Rate from Age 15-60, Female",HD.HCI.AMRT.FE,"Gambia, The",GMB,0.779632568
"Survival Rate from Age 15-60, Female",HD.HCI.AMRT.FE,Georgia,GEO,0.923636317
"Survival Rate from Age 15-60, Female",HD.HCI.AMRT.FE,Germany,DEU,0.952926993
"Survival Rate from Age 15-60, Female",HD.HCI.AMRT.FE,Ghana,GHA,0.788930476
"Survival Rate from Age 15-60, Female",HD.HCI.AMRT.FE,Gibraltar,GIB,..
"Survival Rate from Age 15-60, Female",HD.HCI.AMRT.FE,Greece,GRC,0.958251238
"Survival Rate from Age 15-60, Female",HD.HCI.AMRT.FE,Greenland,GRL,..
"Survival Rate from Age 15-60, Female",HD.HCI.AMRT.FE,Grenada,GRD,0.882643938
"Survival Rate from Age 15-60, Female",HD.HCI.AMRT.FE,Guam,GUM,..
"Survival Rate from Age 15-60, Female",HD.HCI.AMRT.FE,Guatemala,GTM,0.890324891
"Survival Rate from Age 15-60, Female",HD.HCI.AMRT.FE,Guinea,GIN,0.770815194
"Survival Rate from Age 15-60, Female",HD.HCI.AMRT.FE,Guinea-Bissau,GNB,..
"Survival Rate from Age 15-60, Female",HD.HCI.AMRT.FE,Guyana,GUY,0.819192886
"Survival Rate from Age 15-60, Female",HD.HCI.AMRT.FE,Haiti,HTI,0.805408001
"Survival Rate from Age 15-60, Female",HD.HCI.AMRT.FE,Honduras,HND,0.885679841
"Survival Rate from Age 15-60, Female",HD.HCI.AMRT.FE,"Hong Kong SAR, China",HKG,0.967374504
"Survival Rate from Age 15-60, Female",HD.HCI.AMRT.FE,Hungary,HUN,0.925265372
"Survival Rate from Age 15-60, Female",HD.HCI.AMRT.FE,Iceland,ISL,0.966035485
"Survival Rate from Age 15-60, Female",HD.HCI.AMRT.FE,India,IND,0.854949534
"Survival Rate from Age 15-60, Female",HD.HCI.AMRT.FE,Indonesia,IDN,0.876120389
"Survival Rate from Age 15-60, Female",HD.HCI.AMRT.FE,"Iran, Islamic Rep.",IRN,0.951362908
"Survival Rate from Age 15-60, Female",HD.HCI.AMRT.FE,Iraq,IRQ,0.872336268
"Survival Rate from Age 15-60, Female",HD.HCI.AMRT.FE,Ireland,IRL,0.956357777
"Survival Rate from Age 15-60, Female",HD.HCI.AMRT.FE,Isle of Man,IMN,..
"Survival Rate from Age 15-60, Female",HD.HCI.AMRT.FE,Israel,ISR,0.96305114
"Survival Rate from Age 15-60, Female",HD.HCI.AMRT.FE,Italy,ITA,0.964793026
"Survival Rate from Age 15-60, Female",HD.HCI.AMRT.FE,Jamaica,JAM,0.896700263
"Survival Rate from Age 15-60, Female",HD.HCI.AMRT.FE,Japan,JPN,0.964919031
"Survival Rate from Age 15-60, Female",HD.HCI.AMRT.FE,Jordan,JOR,0.912015021
"Survival Rate from Age 15-60, Female",HD.HCI.AMRT.FE,Kazakhstan,KAZ,0.906566501
"Survival Rate from Age 15-60, Female",HD.HCI.AMRT.FE,Kenya,KEN,0.808584213
"Survival Rate from Age 15-60, Female",HD.HCI.AMRT.FE,Kiribati,KIR,0.848833442
"Survival Rate from Age 15-60, Female",HD.HCI.AMRT.FE,"Korea, Dem. People's Rep.",PRK,..
"Survival Rate from Age 15-60, Female",HD.HCI.AMRT.FE,"Korea, Rep.",KOR,0.968236268
"Survival Rate from Age 15-60, Female",HD.HCI.AMRT.FE,Kosovo,XKX,0.934000015
"Survival Rate from Age 15-60, Female",HD.HCI.AMRT.FE,Kuwait,KWT,0.959521413
"Survival Rate from Age 15-60, Female",HD.HCI.AMRT.FE,Kyrgyz Republic,KGZ,0.907014728
"Survival Rate from Age 15-60, Female",HD.HCI.AMRT.FE,Lao PDR,LAO,0.846651733
"Survival Rate from Age 15-60, Female",HD.HCI.AMRT.FE,Latvia,LVA,0.912757993
"Survival Rate from Age 15-60, Female",HD.HCI.AMRT.FE,Lebanon,LBN,0.947147727
"Survival Rate from Age 15-60, Female",HD.HCI.AMRT.FE,Lesotho,LSO,0.586081684
"Survival Rate from Age 15-60, Female",HD.HCI.AMRT.FE,Liberia,LBR,0.79598248
"Survival Rate from Age 15-60, Female",HD.HCI.AMRT.FE,Libya,LBY,..
"Survival Rate from Age 15-60, Female",HD.HCI.AMRT.FE,Liechtenstein,LIE,..
"Survival Rate from Age 15-60, Female",HD.HCI.AMRT.FE,Lithuania,LTU,0.921198368
"Survival Rate from Age 15-60, Female",HD.HCI.AMRT.FE,Luxembourg,LUX,0.956705272
"Survival Rate from Age 15-60, Female",HD.HCI.AMRT.FE,"Macao SAR, China",MAC,0.975916028
"Survival Rate from Age 15-60, Female",HD.HCI.AMRT.FE,Madagascar,MDG,0.822109699
"Survival Rate from Age 15-60, Female",HD.HCI.AMRT.FE,Malawi,MWI,0.793013334
"Survival Rate from Age 15-60, Female",HD.HCI.AMRT.FE,Malaysia,MYS,0.916756928
"Survival Rate from Age 15-60, Female",HD.HCI.AMRT.FE,Maldives,MDV,..
"Survival Rate from Age 15-60, Female",HD.HCI.AMRT.FE,Mali,MLI,0.759184897
"Survival Rate from Age 15-60, Female",HD.HCI.AMRT.FE,Malta,MLT,0.965414047
"Survival Rate from Age 15-60, Female",HD.HCI.AMRT.FE,Marshall Islands,MHL,0.734998703
"Survival Rate from Age 15-60, Female",HD.HCI.AMRT.FE,Mauritania,MRT,0.825702727
"Survival Rate from Age 15-60, Female",HD.HCI.AMRT.FE,Mauritius,MUS,0.907419682
"Survival Rate from Age 15-60, Female",HD.HCI.AMRT.FE,Mexico,MEX,0.904643238
"Survival Rate from Age 15-60, Female",HD.HCI.AMRT.FE,"Micronesia, Fed. Sts.",FSM,0.855189681
"Survival Rate from Age 15-60, Female",HD.HCI.AMRT.FE,Moldova,MDA,0.905378103
"Survival Rate from Age 15-60, Female",HD.HCI.AMRT.FE,Monaco,MCO,..
"Survival Rate from Age 15-60, Female",HD.HCI.AMRT.FE,Mongolia,MNG,0.878626823
"Survival Rate from Age 15-60, Female",HD.HCI.AMRT.FE,Montenegro,MNE,0.9349792
"Survival Rate from Age 15-60, Female",HD.HCI.AMRT.FE,Morocco,MAR,0.939060509
"Survival Rate from Age 15-60, Female",HD.HCI.AMRT.FE,Mozambique,MOZ,0.737210155
"Survival Rate from Age 15-60, Female",HD.HCI.AMRT.FE,Myanmar,MMR,0.852057457
"Survival Rate from Age 15-60, Female",HD.HCI.AMRT.FE,Namibia,NAM,0.756442904
"Survival Rate from Age 15-60, Female",HD.HCI.AMRT.FE,Nauru,NRU,0.954999983
"Survival Rate from Age 15-60, Female",HD.HCI.AMRT.FE,Nepal,NPL,0.873651803
"Survival Rate from Age 15-60, Female",HD.HCI.AMRT.FE,Netherlands,NLD,0.957175553
"Survival Rate from Age 15-60, Female",HD.HCI.AMRT.FE,New Caledonia,NCL,..
"Survival Rate from Age 15-60, Female",HD.HCI.AMRT.FE,New Zealand,NZL,0.952132106
"Survival Rate from Age 15-60, Female",HD.HCI.AMRT.FE,Nicaragua,NIC,0.898774385
"Survival Rate from Age 15-60, Female",HD.HCI.AMRT.FE,Niger,NER,0.781256676
"Survival Rate from Age 15-60, Female",HD.HCI.AMRT.FE,Nigeria,NGA,0.678516686
"Survival Rate from Age 15-60, Female",HD.HCI.AMRT.FE,North Macedonia,MKD,0.937396824
"Survival Rate from Age 15-60, Female",HD.HCI.AMRT.FE,Northern Mariana Islands,MNP,..
"Survival Rate from Age 15-60, Female",HD.HCI.AMRT.FE,Norway,NOR,0.957723677
"Survival Rate from Age 15-60, Female",HD.HCI.AMRT.FE,Oman,OMN,0.937755167
"Survival Rate from Age 15-60, Female",HD.HCI.AMRT.FE,Pakistan,PAK,0.863598406
"Survival Rate from Age 15-60, Female",HD.HCI.AMRT.FE,Palau,PLW,0.891000032
"Survival Rate from Age 15-60, Female",HD.HCI.AMRT.FE,Panama,PAN,0.924117386
"Survival Rate from Age 15-60, Female",HD.HCI.AMRT.FE,Papua New Guinea,PNG,0.814944029
"Survival Rate from Age 15-60, Female",HD.HCI.AMRT.FE,Paraguay,PRY,0.880363345
"Survival Rate from Age 15-60, Female",HD.HCI.AMRT.FE,Peru,PER,0.916425884
"Survival Rate from Age 15-60, Female",HD.HCI.AMRT.FE,Philippines,PHL,0.870098531
"Survival Rate from Age 15-60, Female",HD.HCI.AMRT.FE,Poland,POL,0.941049516
"Survival Rate from Age 15-60, Female",HD.HCI.AMRT.FE,Portugal,PRT,0.959635973
"Survival Rate from Age 15-60, Female",HD.HCI.AMRT.FE,Puerto Rico,PRI,..
"Survival Rate from Age 15-60, Female",HD.HCI.AMRT.FE,Qatar,QAT,0.968503416
"Survival Rate from Age 15-60, Female",HD.HCI.AMRT.FE,Romania,ROU,0.927489758
"Survival Rate from Age 15-60, Female",HD.HCI.AMRT.FE,Russian Federation,RUS,0.891232967
"Survival Rate from Age 15-60, Female",HD.HCI.AMRT.FE,Rwanda,RWA,0.841681719
"Survival Rate from Age 15-60, Female",HD.HCI.AMRT.FE,Samoa,WSM,0.920290053
"Survival Rate from Age 15-60, Female",HD.HCI.AMRT.FE,San Marino,SMR,..
"Survival Rate from Age 15-60, Female",HD.HCI.AMRT.FE,Sao Tome and Principe,STP,..
"Survival Rate from Age 15-60, Female",HD.HCI.AMRT.FE,Saudi Arabia,SAU,0.925009727
"Survival Rate from Age 15-60, Female",HD.HCI.AMRT.FE,Senegal,SEN,0.857922435
"Survival Rate from Age 15-60, Female",HD.HCI.AMRT.FE,Serbia,SRB,0.926185548
"Survival Rate from Age 15-60, Female",HD.HCI.AMRT.FE,Seychelles,SYC,0.902946353
"Survival Rate from Age 15-60, Female",HD.HCI.AMRT.FE,Sierra Leone,SLE,0.650606871
"Survival Rate from Age 15-60, Female",HD.HCI.AMRT.FE,Singapore,SGP,0.965553105
"Survival Rate from Age 15-60, Female",HD.HCI.AMRT.FE,Sint Maarten (Dutch part),SXM,..
"Survival Rate from Age 15-60, Female",HD.HCI.AMRT.FE,Slovak Republic,SVK,0.939850688
"Survival Rate from Age 15-60, Female",HD.HCI.AMRT.FE,Slovenia,SVN,0.957633674
"Survival Rate from Age 15-60, Female",HD.HCI.AMRT.FE,Solomon Islands,SLB,0.876391888
"Survival Rate from Age 15-60, Female",HD.HCI.AMRT.FE,Somalia,SOM,..
"Survival Rate from Age 15-60, Female",HD.HCI.AMRT.FE,South Africa,ZAF,0.755095899
"Survival Rate from Age 15-60, Female",HD.HCI.AMRT.FE,South Sudan,SSD,0.702226043
"Survival Rate from Age 15-60, Female",HD.HCI.AMRT.FE,Spain,ESP,0.965118468
"Survival Rate from Age 15-60, Female",HD.HCI.AMRT.FE,Sri Lanka,LKA,0.944690466
"Survival Rate from Age 15-60, Female",HD.HCI.AMRT.FE,St. Kitts and Nevis,KNA,0.920000017
"Survival Rate from Age 15-60, Female",HD.HCI.AMRT.FE,St. Lucia,LCA,0.903857112
"Survival Rate from Age 15-60, Female",HD.HCI.AMRT.FE,St. Martin (French part),MAF,..
"Survival Rate from Age 15-60, Female",HD.HCI.AMRT.FE,St. Vincent and the Grenadines,VCT,0.876130641
"Survival Rate from Age 15-60, Female",HD.HCI.AMRT.FE,Sudan,SDN,0.81518966
"Survival Rate from Age 15-60, Female",HD.HCI.AMRT.FE,Suriname,SUR,..
"Survival Rate from Age 15-60, Female",HD.HCI.AMRT.FE,Sweden,SWE,0.961257398
"Survival Rate from Age 15-60, Female",HD.HCI.AMRT.FE,Switzerland,CHE,0.965218484
"Survival Rate from Age 15-60, Female",HD.HCI.AMRT.FE,Syrian Arab Republic,SYR,..
"Survival Rate from Age 15-60, Female",HD.HCI.AMRT.FE,Tajikistan,TJK,0.905216217
"Survival Rate from Age 15-60, Female",HD.HCI.AMRT.FE,Tanzania,TZA,0.810278356
"Survival Rate from Age 15-60, Female",HD.HCI.AMRT.FE,Thailand,THA,0.922928393
"Survival Rate from Age 15-60, Female",HD.HCI.AMRT.FE,Timor-Leste,TLS,0.884097755
"Survival Rate from Age 15-60, Female",HD.HCI.AMRT.FE,Togo,TGO,0.75952661
"Survival Rate from Age 15-60, Female",HD.HCI.AMRT.FE,Tonga,TON,0.880812287
"Survival Rate from Age 15-60, Female",HD.HCI.AMRT.FE,Trinidad and Tobago,TTO,0.892290592
"Survival Rate from Age 15-60, Female",HD.HCI.AMRT.FE,Tunisia,TUN,0.933730185
"Survival Rate from Age 15-60, Female",HD.HCI.AMRT.FE,Turkey,TUR,0.938763678
"Survival Rate from Age 15-60, Female",HD.HCI.AMRT.FE,Turkmenistan,TKM,..
"Survival Rate from Age 15-60, Female",HD.HCI.AMRT.FE,Turks and Caicos Islands,TCA,..
"Survival Rate from Age 15-60, Female",HD.HCI.AMRT.FE,Tuvalu,TUV,0.814999998
"Survival Rate from Age 15-60, Female",HD.HCI.AMRT.FE,Uganda,UGA,0.770893991
"Survival Rate from Age 15-60, Female",HD.HCI.AMRT.FE,Ukraine,UKR,0.898943603
"Survival Rate from Age 15-60, Female",HD.HCI.AMRT.FE,United Arab Emirates,ARE,0.955770433
"Survival Rate from Age 15-60, Female",HD.HCI.AMRT.FE,United Kingdom,GBR,0.947157145
"Survival Rate from Age 15-60, Female",HD.HCI.AMRT.FE,United States,USA,0.918321133
"Survival Rate from Age 15-60, Female",HD.HCI.AMRT.FE,Uruguay,URY,0.924673319
"Survival Rate from Age 15-60, Female",HD.HCI.AMRT.FE,Uzbekistan,UZB,0.900023341
"Survival Rate from Age 15-60, Female",HD.HCI.AMRT.FE,Vanuatu,VUT,0.899005532
"Survival Rate from Age 15-60, Female",HD.HCI.AMRT.FE,"Venezuela, RB",VEN,..
"Survival Rate from Age 15-60, Female",HD.HCI.AMRT.FE,Vietnam,VNM,0.924107432
"Survival Rate from Age 15-60, Female",HD.HCI.AMRT.FE,Virgin Islands (U.S.),VIR,..
"Survival Rate from Age 15-60, Female",HD.HCI.AMRT.FE,West Bank and Gaza,PSE,0.909266353
"Survival Rate from Age 15-60, Female",HD.HCI.AMRT.FE,"Yemen, Rep.",YEM,0.826083124
"Survival Rate from Age 15-60, Female",HD.HCI.AMRT.FE,Zambia,ZMB,0.782057643
"Survival Rate from Age 15-60, Female",HD.HCI.AMRT.FE,Zimbabwe,ZWE,0.666836739
"Survival Rate from Age 15-60, Male",HD.HCI.AMRT.MA,Afghanistan,AFG,0.766116202
"Survival Rate from Age 15-60, Male",HD.HCI.AMRT.MA,Albania,ALB,0.90782088
"Survival Rate from Age 15-60, Male",HD.HCI.AMRT.MA,Algeria,DZA,0.89835608
"Survival Rate from Age 15-60, Male",HD.HCI.AMRT.MA,American Samoa,ASM,..
"Survival Rate from Age 15-60, Male",HD.HCI.AMRT.MA,Andorra,AND,..
"Survival Rate from Age 15-60, Male",HD.HCI.AMRT.MA,Angola,AGO,0.676909208
"Survival Rate from Age 15-60, Male",HD.HCI.AMRT.MA,Antigua and Barbuda,ATG,0.874258518
"Survival Rate from Age 15-60, Male",HD.HCI.AMRT.MA,Argentina,ARG,0.85453403
"Survival Rate from Age 15-60, Male",HD.HCI.AMRT.MA,Armenia,ARM,0.828158975
"Survival Rate from Age 15-60, Male",HD.HCI.AMRT.MA,Aruba,ABW,..
"Survival Rate from Age 15-60, Male",HD.HCI.AMRT.MA,Australia,AUS,0.932335913
"Survival Rate from Age 15-60, Male",HD.HCI.AMRT.MA,Austria,AUT,0.918053627
"Survival Rate from Age 15-60, Male",HD.HCI.AMRT.MA,Azerbaijan,AZE,0.851323843
"Survival Rate from Age 15-60, Male",HD.HCI.AMRT.MA,"Bahamas, The",BHS,..
"Survival Rate from Age 15-60, Male",HD.HCI.AMRT.MA,Bahrain,BHR,0.928777456
"Survival Rate from Age 15-60, Male",HD.HCI.AMRT.MA,Bangladesh,BGD,0.850759804
"Survival Rate from Age 15-60, Male",HD.HCI.AMRT.MA,Barbados,BRB,..
"Survival Rate from Age 15-60, Male",HD.HCI.AMRT.MA,Belarus,BLR,0.780994356
"Survival Rate from Age 15-60, Male",HD.HCI.AMRT.MA,Belgium,BEL,0.91483289
"Survival Rate from Age 15-60, Male",HD.HCI.AMRT.MA,Belize,BLZ,..
"Survival Rate from Age 15-60, Male",HD.HCI.AMRT.MA,Benin,BEN,0.744294405
"Survival Rate from Age 15-60, Male",HD.HCI.AMRT.MA,Bermuda,BMU,..
"Survival Rate from Age 15-60, Male",HD.HCI.AMRT.MA,Bhutan,BTN,0.805360317
"Survival Rate from Age 15-60, Male",HD.HCI.AMRT.MA,Bolivia,BOL,..
"Survival Rate from Age 15-60, Male",HD.HCI.AMRT.MA,Bosnia and Herzegovina,BIH,0.886294305
"Survival Rate from Age 15-60, Male",HD.HCI.AMRT.MA,Botswana,BWA,0.75231564
"Survival Rate from Age 15-60, Male",HD.HCI.AMRT.MA,Brazil,BRA,0.813774884
"Survival Rate from Age 15-60, Male",HD.HCI.AMRT.MA,British Virgin Islands,VGB,..
"Survival Rate from Age 15-60, Male",HD.HCI.AMRT.MA,Brunei Darussalam,BRN,0.857575178
"Survival Rate from Age 15-60, Male",HD.HCI.AMRT.MA,Bulgaria,BGR,0.818918943
"Survival Rate from Age 15-60, Male",HD.HCI.AMRT.MA,Burkina Faso,BFA,0.743925452
"Survival Rate from Age 15-60, Male",HD.HCI.AMRT.MA,Burundi,BDI,0.693440497
"Survival Rate from Age 15-60, Male",HD.HCI.AMRT.MA,Cabo Verde,CPV,..
"Survival Rate from Age 15-60, Male",HD.HCI.AMRT.MA,Cambodia,KHM,0.802678168
"Survival Rate from Age 15-60, Male",HD.HCI.AMRT.MA,Cameroon,CMR,0.685906172
"Survival Rate from Age 15-60, Male",HD.HCI.AMRT.MA,Canada,CAN,0.927166283
"Survival Rate from Age 15-60, Male",HD.HCI.AMRT.MA,Cayman Islands,CYM,..
"Survival Rate from Age 15-60, Male",HD.HCI.AMRT.MA,Central African Republic,CAF,0.55057466
"Survival Rate from Age 15-60, Male",HD.HCI.AMRT.MA,Chad,TCD,0.624893069
"Survival Rate from Age 15-60, Male",HD.HCI.AMRT.MA,Channel Islands,CHI,..
"Survival Rate from Age 15-60, Male",HD.HCI.AMRT.MA,Chile,CHL,0.894164741
"Survival Rate from Age 15-60, Male",HD.HCI.AMRT.MA,China,CHN,0.907561541
"Survival Rate from Age 15-60, Male",HD.HCI.AMRT.MA,Colombia,COL,0.850121558
"Survival Rate from Age 15-60, Male",HD.HCI.AMRT.MA,Comoros,COM,0.756652176
"Survival Rate from Age 15-60, Male",HD.HCI.AMRT.MA,"Congo, Dem. Rep.",COD,0.729076385
"Survival Rate from Age 15-60, Male",HD.HCI.AMRT.MA,"Congo, Rep.",COG,0.723024189
"Survival Rate from Age 15-60, Male",HD.HCI.AMRT.MA,Costa Rica,CRI,0.888750255
"Survival Rate from Age 15-60, Male",HD.HCI.AMRT.MA,Cote d'Ivoire,CIV,0.643198907
"Survival Rate from Age 15-60, Male",HD.HCI.AMRT.MA,Croatia,HRV,0.884319246
"Survival Rate from Age 15-60, Male",HD.HCI.AMRT.MA,Cuba,CUB,..
"Survival Rate from Age 15-60, Male",HD.HCI.AMRT.MA,Curacao,CUW,..
"Survival Rate from Age 15-60, Male",HD.HCI.AMRT.MA,Cyprus,CYP,0.936455905
"Survival Rate from Age 15-60, Male",HD.HCI.AMRT.MA,Czech Republic,CZE,0.898117125
"Survival Rate from Age 15-60, Male",HD.HCI.AMRT.MA,Denmark,DNK,0.91555512
"Survival Rate from Age 15-60, Male",HD.HCI.AMRT.MA,Djibouti,DJI,..
"Survival Rate from Age 15-60, Male",HD.HCI.AMRT.MA,Dominica,DMA,0.827276111
"Survival Rate from Age 15-60, Male",HD.HCI.AMRT.MA,Dominican Republic,DOM,0.804157019
"Survival Rate from Age 15-60, Male",HD.HCI.AMRT.MA,Ecuador,ECU,0.840947986
"Survival Rate from Age 15-60, Male",HD.HCI.AMRT.MA,"Egypt, Arab Rep.",EGY,0.818982542
"Survival Rate from Age 15-60, Male",HD.HCI.AMRT.MA,El Salvador,SLV,0.734526515
"Survival Rate from Age 15-60, Male",HD.HCI.AMRT.MA,Equatorial Guinea,GNQ,..
"Survival Rate from Age 15-60, Male",HD.HCI.AMRT.MA,Eritrea,ERI,..
"Survival Rate from Age 15-60, Male",HD.HCI.AMRT.MA,Estonia,EST,0.851487517
"Survival Rate from Age 15-60, Male",HD.HCI.AMRT.MA,Eswatini,SWZ,0.52645278
"Survival Rate from Age 15-60, Male",HD.HCI.AMRT.MA,Ethiopia,ETH,0.766833007
"Survival Rate from Age 15-60, Male",HD.HCI.AMRT.MA,Faroe Islands,FRO,..
"Survival Rate from Age 15-60, Male",HD.HCI.AMRT.MA,Fiji,FJI,0.744172037
"Survival Rate from Age 15-60, Male",HD.HCI.AMRT.MA,Finland,FIN,0.905145884
"Survival Rate from Age 15-60, Male",HD.HCI.AMRT.MA,France,FRA,0.901247382
"Survival Rate from Age 15-60, Male",HD.HCI.AMRT.MA,French Polynesia,PYF,..
"Survival Rate from Age 15-60, Male",HD.HCI.AMRT.MA,Gabon,GAB,0.763779879
"Survival Rate from Age 15-60, Male",HD.HCI.AMRT.MA,"Gambia, The",GMB,0.724049449
"Survival Rate from Age 15-60, Male",HD.HCI.AMRT.MA,Georgia,GEO,0.780565441
"Survival Rate from Age 15-60, Male",HD.HCI.AMRT.MA,Germany,DEU,0.909693599
"Survival Rate from Age 15-60, Male",HD.HCI.AMRT.MA,Ghana,GHA,0.747861147
"Survival Rate from Age 15-60, Male",HD.HCI.AMRT.MA,Gibraltar,GIB,..
"Survival Rate from Age 15-60, Male",HD.HCI.AMRT.MA,Greece,GRC,0.90789175
"Survival Rate from Age 15-60, Male",HD.HCI.AMRT.MA,Greenland,GRL,..
"Survival Rate from Age 15-60, Male",HD.HCI.AMRT.MA,Grenada,GRD,0.821351647
"Survival Rate from Age 15-60, Male",HD.HCI.AMRT.MA,Guam,GUM,..
"Survival Rate from Age 15-60, Male",HD.HCI.AMRT.MA,Guatemala,GTM,0.800702453
"Survival Rate from Age 15-60, Male",HD.HCI.AMRT.MA,Guinea,GIN,0.742903829
"Survival Rate from Age 15-60, Male",HD.HCI.AMRT.MA,Guinea-Bissau,GNB,..
"Survival Rate from Age 15-60, Male",HD.HCI.AMRT.MA,Guyana,GUY,0.73222363
"Survival Rate from Age 15-60, Male",HD.HCI.AMRT.MA,Haiti,HTI,0.745447218
"Survival Rate from Age 15-60, Male",HD.HCI.AMRT.MA,Honduras,HND,0.834594309
"Survival Rate from Age 15-60, Male",HD.HCI.AMRT.MA,"Hong Kong SAR, China",HKG,0.938838303
"Survival Rate from Age 15-60, Male",HD.HCI.AMRT.MA,Hungary,HUN,0.833883882
"Survival Rate from Age 15-60, Male",HD.HCI.AMRT.MA,Iceland,ISL,0.94387126
"Survival Rate from Age 15-60, Male",HD.HCI.AMRT.MA,India,IND,0.798603535
"Survival Rate from Age 15-60, Male",HD.HCI.AMRT.MA,Indonesia,IDN,0.824222744
"Survival Rate from Age 15-60, Male",HD.HCI.AMRT.MA,"Iran, Islamic Rep.",IRN,0.917981088
"Survival Rate from Age 15-60, Male",HD.HCI.AMRT.MA,Iraq,IRQ,0.815534711
"Survival Rate from Age 15-60, Male",HD.HCI.AMRT.MA,Ireland,IRL,0.932230175
"Survival Rate from Age 15-60, Male",HD.HCI.AMRT.MA,Isle of Man,IMN,..
"Survival Rate from Age 15-60, Male",HD.HCI.AMRT.MA,Israel,ISR,0.937419176
"Survival Rate from Age 15-60, Male",HD.HCI.AMRT.MA,Italy,ITA,0.940734088
"Survival Rate from Age 15-60, Male",HD.HCI.AMRT.MA,Jamaica,JAM,0.825395525
"Survival Rate from Age 15-60, Male",HD.HCI.AMRT.MA,Japan,JPN,0.93283397
"Survival Rate from Age 15-60, Male",HD.HCI.AMRT.MA,Jordan,JOR,0.877204418
"Survival Rate from Age 15-60, Male",HD.HCI.AMRT.MA,Kazakhstan,KAZ,0.781231463
"Survival Rate from Age 15-60, Male",HD.HCI.AMRT.MA,Kenya,KEN,0.738337219
"Survival Rate from Age 15-60, Male",HD.HCI.AMRT.MA,Kiribati,KIR,0.76734966
"Survival Rate from Age 15-60, Male",HD.HCI.AMRT.MA,"Korea, Dem. People's Rep.",PRK,..
"Survival Rate from Age 15-60, Male",HD.HCI.AMRT.MA,"Korea, Rep.",KOR,0.921981871
"Survival Rate from Age 15-60, Male",HD.HCI.AMRT.MA,Kosovo,XKX,0.878000021
"Survival Rate from Age 15-60, Male",HD.HCI.AMRT.MA,Kuwait,KWT,0.931493402
"Survival Rate from Age 15-60, Male",HD.HCI.AMRT.MA,Kyrgyz Republic,KGZ,0.791125178
"Survival Rate from Age 15-60, Male",HD.HCI.AMRT.MA,Lao PDR,LAO,0.79764545
"Survival Rate from Age 15-60, Male",HD.HCI.AMRT.MA,Latvia,LVA,0.775474668
"Survival Rate from Age 15-60, Male",HD.HCI.AMRT.MA,Lebanon,LBN,0.924664259
"Survival Rate from Age 15-60, Male",HD.HCI.AMRT.MA,Lesotho,LSO,0.460189581
"Survival Rate from Age 15-60, Male",HD.HCI.AMRT.MA,Liberia,LBR,0.755322218
"Survival Rate from Age 15-60, Male",HD.HCI.AMRT.MA,Libya,LBY,..
"Survival Rate from Age 15-60, Male",HD.HCI.AMRT.MA,Liechtenstein,LIE,..
"Survival Rate from Age 15-60, Male",HD.HCI.AMRT.MA,Lithuania,LTU,0.766995847
"Survival Rate from Age 15-60, Male",HD.HCI.AMRT.MA,Luxembourg,LUX,0.928423643
"Survival Rate from Age 15-60, Male",HD.HCI.AMRT.MA,"Macao SAR, China",MAC,0.942474306
"Survival Rate from Age 15-60, Male",HD.HCI.AMRT.MA,Madagascar,MDG,0.771144509
"Survival Rate from Age 15-60, Male",HD.HCI.AMRT.MA,Malawi,MWI,0.681108296
"Survival Rate from Age 15-60, Male",HD.HCI.AMRT.MA,Malaysia,MYS,0.841118574
"Survival Rate from Age 15-60, Male",HD.HCI.AMRT.MA,Maldives,MDV,..
"Survival Rate from Age 15-60, Male",HD.HCI.AMRT.MA,Mali,MLI,0.739838958
"Survival Rate from Age 15-60, Male",HD.HCI.AMRT.MA,Malta,MLT,0.937497258
"Survival Rate from Age 15-60, Male",HD.HCI.AMRT.MA,Marshall Islands,MHL,0.665888786
"Survival Rate from Age 15-60, Male",HD.HCI.AMRT.MA,Mauritania,MRT,0.783282042
"Survival Rate from Age 15-60, Male",HD.HCI.AMRT.MA,Mauritius,MUS,0.813435733
"Survival Rate from Age 15-60, Male",HD.HCI.AMRT.MA,Mexico,MEX,0.816662431
"Survival Rate from Age 15-60, Male",HD.HCI.AMRT.MA,"Micronesia, Fed. Sts.",FSM,0.823348761
"Survival Rate from Age 15-60, Male",HD.HCI.AMRT.MA,Moldova,MDA,0.764368773
"Survival Rate from Age 15-60, Male",HD.HCI.AMRT.MA,Monaco,MCO,..
"Survival Rate from Age 15-60, Male",HD.HCI.AMRT.MA,Mongolia,MNG,0.714527667
"Survival Rate from Age 15-60, Male",HD.HCI.AMRT.MA,Montenegro,MNE,0.876632094
"Survival Rate from Age 15-60, Male",HD.HCI.AMRT.MA,Morocco,MAR,0.928940356
"Survival Rate from Age 15-60, Male",HD.HCI.AMRT.MA,Mozambique,MOZ,0.616611004
"Survival Rate from Age 15-60, Male",HD.HCI.AMRT.MA,Myanmar,MMR,0.754607797
"Survival Rate from Age 15-60, Male",HD.HCI.AMRT.MA,Namibia,NAM,0.656355619
"Survival Rate from Age 15-60, Male",HD.HCI.AMRT.MA,Nauru,NRU,0.909999967
"Survival Rate from Age 15-60, Male",HD.HCI.AMRT.MA,Nepal,NPL,0.835958779
"Survival Rate from Age 15-60, Male",HD.HCI.AMRT.MA,Netherlands,NLD,0.935659707
"Survival Rate from Age 15-60, Male",HD.HCI.AMRT.MA,New Caledonia,NCL,..
"Survival Rate from Age 15-60, Male",HD.HCI.AMRT.MA,New Zealand,NZL,0.927334964
"Survival Rate from Age 15-60, Male",HD.HCI.AMRT.MA,Nicaragua,NIC,0.801669538
"Survival Rate from Age 15-60, Male",HD.HCI.AMRT.MA,Niger,NER,0.751909494
"Survival Rate from Age 15-60, Male",HD.HCI.AMRT.MA,Nigeria,NGA,0.638883889
"Survival Rate from Age 15-60, Male",HD.HCI.AMRT.MA,North Macedonia,MKD,0.881453991
"Survival Rate from Age 15-60, Male",HD.HCI.AMRT.MA,Northern Mariana Islands,MNP,..
"Survival Rate from Age 15-60, Male",HD.HCI.AMRT.MA,Norway,NOR,0.932369888
"Survival Rate from Age 15-60, Male",HD.HCI.AMRT.MA,Oman,OMN,0.900429606
"Survival Rate from Age 15-60, Male",HD.HCI.AMRT.MA,Pakistan,PAK,0.828018606
"Survival Rate from Age 15-60, Male",HD.HCI.AMRT.MA,Palau,PLW,0.841000021
"Survival Rate from Age 15-60, Male",HD.HCI.AMRT.MA,Panama,PAN,0.853539348
"Survival Rate from Age 15-60, Male",HD.HCI.AMRT.MA,Papua New Guinea,PNG,0.751247466
"Survival Rate from Age 15-60, Male",HD.HCI.AMRT.MA,Paraguay,PRY,0.836816549
"Survival Rate from Age 15-60, Male",HD.HCI.AMRT.MA,Peru,PER,0.855758071
"Survival Rate from Age 15-60, Male",HD.HCI.AMRT.MA,Philippines,PHL,0.766303122
"Survival Rate from Age 15-60, Male",HD.HCI.AMRT.MA,Poland,POL,0.849163532
"Survival Rate from Age 15-60, Male",HD.HCI.AMRT.MA,Portugal,PRT,0.904555559
"Survival Rate from Age 15-60, Male",HD.HCI.AMRT.MA,Puerto Rico,PRI,..
"Survival Rate from Age 15-60, Male",HD.HCI.AMRT.MA,Qatar,QAT,0.959156454
"Survival Rate from Age 15-60, Male",HD.HCI.AMRT.MA,Romania,ROU,0.830003262
"Survival Rate from Age 15-60, Male",HD.HCI.AMRT.MA,Russian Federation,RUS,0.715539694
"Survival Rate from Age 15-60, Male",HD.HCI.AMRT.MA,Rwanda,RWA,0.78689599
"Survival Rate from Age 15-60, Male",HD.HCI.AMRT.MA,Samoa,WSM,0.862874389
"Survival Rate from Age 15-60, Male",HD.HCI.AMRT.MA,San Marino,SMR,..
"Survival Rate from Age 15-60, Male",HD.HCI.AMRT.MA,Sao Tome and Principe,STP,..
"Survival Rate from Age 15-60, Male",HD.HCI.AMRT.MA,Saudi Arabia,SAU,0.909285247
"Survival Rate from Age 15-60, Male",HD.HCI.AMRT.MA,Senegal,SEN,0.786761642
"Survival Rate from Age 15-60, Male",HD.HCI.AMRT.MA,Serbia,SRB,0.859844863
"Survival Rate from Age 15-60, Male",HD.HCI.AMRT.MA,Seychelles,SYC,0.799556494
"Survival Rate from Age 15-60, Male",HD.HCI.AMRT.MA,Sierra Leone,SLE,0.611474216
"Survival Rate from Age 15-60, Male",HD.HCI.AMRT.MA,Singapore,SGP,0.941087842
"Survival Rate from Age 15-60, Male",HD.HCI.AMRT.MA,Sint Maarten (Dutch part),SXM,..
"Survival Rate from Age 15-60, Male",HD.HCI.AMRT.MA,Slovak Republic,SVK,0.857999802
"Survival Rate from Age 15-60, Male",HD.HCI.AMRT.MA,Slovenia,SVN,0.913872719
"Survival Rate from Age 15-60, Male",HD.HCI.AMRT.MA,Solomon Islands,SLB,0.838108778
"Survival Rate from Age 15-60, Male",HD.HCI.AMRT.MA,Somalia,SOM,..
"Survival Rate from Age 15-60, Male",HD.HCI.AMRT.MA,South Africa,ZAF,0.627863348
"Survival Rate from Age 15-60, Male",HD.HCI.AMRT.MA,South Sudan,SSD,0.652298212
"Survival Rate from Age 15-60, Male",HD.HCI.AMRT.MA,Spain,ESP,0.9273175
"Survival Rate from Age 15-60, Male",HD.HCI.AMRT.MA,Sri Lanka,LKA,0.850806236
"Survival Rate from Age 15-60, Male",HD.HCI.AMRT.MA,St. Kitts and Nevis,KNA,0.833999991
"Survival Rate from Age 15-60, Male",HD.HCI.AMRT.MA,St. Lucia,LCA,0.826528788
"Survival Rate from Age 15-60, Male",HD.HCI.AMRT.MA,St. Martin (French part),MAF,..
"Survival Rate from Age 15-60, Male",HD.HCI.AMRT.MA,St. Vincent and the Grenadines,VCT,0.79440099
"Survival Rate from Age 15-60, Male",HD.HCI.AMRT.MA,Sudan,SDN,0.757316649
"Survival Rate from Age 15-60, Male",HD.HCI.AMRT.MA,Suriname,SUR,..
"Survival Rate from Age 15-60, Male",HD.HCI.AMRT.MA,Sweden,SWE,0.938986957
"Survival Rate from Age 15-60, Male",HD.HCI.AMRT.MA,Switzerland,CHE,0.942809522
"Survival Rate from Age 15-60, Male",HD.HCI.AMRT.MA,Syrian Arab Republic,SYR,..
"Survival Rate from Age 15-60, Male",HD.HCI.AMRT.MA,Tajikistan,TJK,0.837167025
"Survival Rate from Age 15-60, Male",HD.HCI.AMRT.MA,Tanzania,TZA,0.753615975
"Survival Rate from Age 15-60, Male",HD.HCI.AMRT.MA,Thailand,THA,0.815480769
"Survival Rate from Age 15-60, Male",HD.HCI.AMRT.MA,Timor-Leste,TLS,0.83274132
"Survival Rate from Age 15-60, Male",HD.HCI.AMRT.MA,Togo,TGO,0.725777566
"Survival Rate from Age 15-60, Male",HD.HCI.AMRT.MA,Tonga,TON,0.787719429
"Survival Rate from Age 15-60, Male",HD.HCI.AMRT.MA,Trinidad and Tobago,TTO,0.814747155
"Survival Rate from Age 15-60, Male",HD.HCI.AMRT.MA,Tunisia,TUN,0.89497447
"Survival Rate from Age 15-60, Male",HD.HCI.AMRT.MA,Turkey,TUR,0.882938147
"Survival Rate from Age 15-60, Male",HD.HCI.AMRT.MA,Turkmenistan,TKM,..
"Survival Rate from Age 15-60, Male",HD.HCI.AMRT.MA,Turks and Caicos Islands,TCA,..
"Survival Rate from Age 15-60, Male",HD.HCI.AMRT.MA,Tuvalu,TUV,0.75999999
"Survival Rate from Age 15-60, Male",HD.HCI.AMRT.MA,Uganda,UGA,0.70180434
"Survival Rate from Age 15-60, Male",HD.HCI.AMRT.MA,Ukraine,UKR,0.729095995
"Survival Rate from Age 15-60, Male",HD.HCI.AMRT.MA,United Arab Emirates,ARE,0.931383967
"Survival Rate from Age 15-60, Male",HD.HCI.AMRT.MA,United Kingdom,GBR,0.9196648
"Survival Rate from Age 15-60, Male",HD.HCI.AMRT.MA,United States,USA,0.861651421
"Survival Rate from Age 15-60, Male",HD.HCI.AMRT.MA,Uruguay,URY,0.862380505
"Survival Rate from Age 15-60, Male",HD.HCI.AMRT.MA,Uzbekistan,UZB,0.831142128
"Survival Rate from Age 15-60, Male",HD.HCI.AMRT.MA,Vanuatu,VUT,0.849640489
"Survival Rate from Age 15-60, Male",HD.HCI.AMRT.MA,"Venezuela, RB",VEN,..
"Survival Rate from Age 15-60, Male",HD.HCI.AMRT.MA,Vietnam,VNM,0.812533677
"Survival Rate from Age 15-60, Male",HD.HCI.AMRT.MA,Virgin Islands (U.S.),VIR,..
"Survival Rate from Age 15-60, Male",HD.HCI.AMRT.MA,West Bank and Gaza,PSE,0.875229597
"Survival Rate from Age 15-60, Male",HD.HCI.AMRT.MA,"Yemen, Rep.",YEM,0.780761361
"Survival Rate from Age 15-60, Male",HD.HCI.AMRT.MA,Zambia,ZMB,0.682770252
"Survival Rate from Age 15-60, Male",HD.HCI.AMRT.MA,Zimbabwe,ZWE,0.630772948
Survival Rate from Age 15-60,HD.HCI.AMRT,Afghanistan,AFG,0.787740827
Survival Rate from Age 15-60,HD.HCI.AMRT,Albania,ALB,0.929365993
Survival Rate from Age 15-60,HD.HCI.AMRT,Algeria,DZA,0.909282267
Survival Rate from Age 15-60,HD.HCI.AMRT,American Samoa,ASM,..
Survival Rate from Age 15-60,HD.HCI.AMRT,Andorra,AND,..
Survival Rate from Age 15-60,HD.HCI.AMRT,Angola,AGO,0.729358733
Survival Rate from Age 15-60,HD.HCI.AMRT,Antigua and Barbuda,ATG,0.897207558
Survival Rate from Age 15-60,HD.HCI.AMRT,Argentina,ARG,0.888269186
Survival Rate from Age 15-60,HD.HCI.AMRT,Armenia,ARM,0.885818601
Survival Rate from Age 15-60,HD.HCI.AMRT,Aruba,ABW,..
Survival Rate from Age 15-60,HD.HCI.AMRT,Australia,AUS,0.946141779
Survival Rate from Age 15-60,HD.HCI.AMRT,Austria,AUT,0.937184393
Survival Rate from Age 15-60,HD.HCI.AMRT,Azerbaijan,AZE,0.881958127
Survival Rate from Age 15-60,HD.HCI.AMRT,"Bahamas, The",BHS,..
Survival Rate from Age 15-60,HD.HCI.AMRT,Bahrain,BHR,0.934414566
Survival Rate from Age 15-60,HD.HCI.AMRT,Bangladesh,BGD,0.868512273
Survival Rate from Age 15-60,HD.HCI.AMRT,Barbados,BRB,..
Survival Rate from Age 15-60,HD.HCI.AMRT,Belarus,BLR,0.853127122
Survival Rate from Age 15-60,HD.HCI.AMRT,Belgium,BEL,0.931235254
Survival Rate from Age 15-60,HD.HCI.AMRT,Belize,BLZ,..
Survival Rate from Age 15-60,HD.HCI.AMRT,Benin,BEN,0.76826036
Survival Rate from Age 15-60,HD.HCI.AMRT,Bermuda,BMU,..
Survival Rate from Age 15-60,HD.HCI.AMRT,Bhutan,BTN,0.806836605
Survival Rate from Age 15-60,HD.HCI.AMRT,Bolivia,BOL,..
Survival Rate from Age 15-60,HD.HCI.AMRT,Bosnia and Herzegovina,BIH,0.913629889
Survival Rate from Age 15-60,HD.HCI.AMRT,Botswana,BWA,0.798841
Survival Rate from Age 15-60,HD.HCI.AMRT,Brazil,BRA,0.861382365
Survival Rate from Age 15-60,HD.HCI.AMRT,British Virgin Islands,VGB,..
Survival Rate from Age 15-60,HD.HCI.AMRT,Brunei Darussalam,BRN,0.878938317
Survival Rate from Age 15-60,HD.HCI.AMRT,Bulgaria,BGR,0.866138518
Survival Rate from Age 15-60,HD.HCI.AMRT,Burkina Faso,BFA,0.76137054
Survival Rate from Age 15-60,HD.HCI.AMRT,Burundi,BDI,0.722941101
Survival Rate from Age 15-60,HD.HCI.AMRT,Cabo Verde,CPV,..
Survival Rate from Age 15-60,HD.HCI.AMRT,Cambodia,KHM,0.837721884
Survival Rate from Age 15-60,HD.HCI.AMRT,Cameroon,CMR,0.704236269
Survival Rate from Age 15-60,HD.HCI.AMRT,Canada,CAN,0.939972162
Survival Rate from Age 15-60,HD.HCI.AMRT,Cayman Islands,CYM,..
Survival Rate from Age 15-60,HD.HCI.AMRT,Central African Republic,CAF,0.591395438
Survival Rate from Age 15-60,HD.HCI.AMRT,Chad,TCD,0.646125257
Survival Rate from Age 15-60,HD.HCI.AMRT,Channel Islands,CHI,..
Survival Rate from Age 15-60,HD.HCI.AMRT,Chile,CHL,0.917748094
Survival Rate from Age 15-60,HD.HCI.AMRT,China,CHN,0.923591137
Survival Rate from Age 15-60,HD.HCI.AMRT,Colombia,COL,0.886651099
Survival Rate from Age 15-60,HD.HCI.AMRT,Comoros,COM,0.781999648
Survival Rate from Age 15-60,HD.HCI.AMRT,"Congo, Dem. Rep.",COD,0.753556192
Survival Rate from Age 15-60,HD.HCI.AMRT,"Congo, Rep.",COG,0.742921948
Survival Rate from Age 15-60,HD.HCI.AMRT,Costa Rica,CRI,0.915990591
Survival Rate from Age 15-60,HD.HCI.AMRT,Cote d'Ivoire,CIV,0.660045505
Survival Rate from Age 15-60,HD.HCI.AMRT,Croatia,HRV,0.917376697
Survival Rate from Age 15-60,HD.HCI.AMRT,Cuba,CUB,..
Survival Rate from Age 15-60,HD.HCI.AMRT,Curacao,CUW,..
Survival Rate from Age 15-60,HD.HCI.AMRT,Cyprus,CYP,0.952006638
Survival Rate from Age 15-60,HD.HCI.AMRT,Czech Republic,CZE,0.922457218
Survival Rate from Age 15-60,HD.HCI.AMRT,Denmark,DNK,0.931700647
Survival Rate from Age 15-60,HD.HCI.AMRT,Djibouti,DJI,..
Survival Rate from Age 15-60,HD.HCI.AMRT,Dominica,DMA,0.859372973
Survival Rate from Age 15-60,HD.HCI.AMRT,Dominican Republic,DOM,0.844707489
Survival Rate from Age 15-60,HD.HCI.AMRT,Ecuador,ECU,0.876447916
Survival Rate from Age 15-60,HD.HCI.AMRT,"Egypt, Arab Rep.",EGY,0.856793642
Survival Rate from Age 15-60,HD.HCI.AMRT,El Salvador,SLV,0.821133435
Survival Rate from Age 15-60,HD.HCI.AMRT,Equatorial Guinea,GNQ,..
Survival Rate from Age 15-60,HD.HCI.AMRT,Eritrea,ERI,..
Survival Rate from Age 15-60,HD.HCI.AMRT,Estonia,EST,0.89744544
Survival Rate from Age 15-60,HD.HCI.AMRT,Eswatini,SWZ,0.603710413
Survival Rate from Age 15-60,HD.HCI.AMRT,Ethiopia,ETH,0.792981684
Survival Rate from Age 15-60,HD.HCI.AMRT,Faroe Islands,FRO,..
Survival Rate from Age 15-60,HD.HCI.AMRT,Fiji,FJI,0.783999324
Survival Rate from Age 15-60,HD.HCI.AMRT,Finland,FIN,0.930211067
Survival Rate from Age 15-60,HD.HCI.AMRT,France,FRA,0.926030695
Survival Rate from Age 15-60,HD.HCI.AMRT,French Polynesia,PYF,..
Survival Rate from Age 15-60,HD.HCI.AMRT,Gabon,GAB,0.790453851
Survival Rate from Age 15-60,HD.HCI.AMRT,"Gambia, The",GMB,0.752527833
Survival Rate from Age 15-60,HD.HCI.AMRT,Georgia,GEO,0.85284555
Survival Rate from Age 15-60,HD.HCI.AMRT,Germany,DEU,0.930892467
Survival Rate from Age 15-60,HD.HCI.AMRT,Ghana,GHA,0.768254459
Survival Rate from Age 15-60,HD.HCI.AMRT,Gibraltar,GIB,..
Survival Rate from Age 15-60,HD.HCI.AMRT,Greece,GRC,0.933005095
Survival Rate from Age 15-60,HD.HCI.AMRT,Greenland,GRL,..
Survival Rate from Age 15-60,HD.HCI.AMRT,Grenada,GRD,0.85086751
Survival Rate from Age 15-60,HD.HCI.AMRT,Guam,GUM,..
Survival Rate from Age 15-60,HD.HCI.AMRT,Guatemala,GTM,0.846656263
Survival Rate from Age 15-60,HD.HCI.AMRT,Guinea,GIN,0.759966254
Survival Rate from Age 15-60,HD.HCI.AMRT,Guinea-Bissau,GNB,..
Survival Rate from Age 15-60,HD.HCI.AMRT,Guyana,GUY,0.774362803
Survival Rate from Age 15-60,HD.HCI.AMRT,Haiti,HTI,0.775892138
Survival Rate from Age 15-60,HD.HCI.AMRT,Honduras,HND,0.860411644
Survival Rate from Age 15-60,HD.HCI.AMRT,"Hong Kong SAR, China",HKG,0.954613507
Survival Rate from Age 15-60,HD.HCI.AMRT,Hungary,HUN,0.879628778
Survival Rate from Age 15-60,HD.HCI.AMRT,Iceland,ISL,0.954819381
Survival Rate from Age 15-60,HD.HCI.AMRT,India,IND,0.825507641
Survival Rate from Age 15-60,HD.HCI.AMRT,Indonesia,IDN,0.849707961
Survival Rate from Age 15-60,HD.HCI.AMRT,"Iran, Islamic Rep.",IRN,0.934482455
Survival Rate from Age 15-60,HD.HCI.AMRT,Iraq,IRQ,0.844261885
Survival Rate from Age 15-60,HD.HCI.AMRT,Ireland,IRL,0.944304645
Survival Rate from Age 15-60,HD.HCI.AMRT,Isle of Man,IMN,..
Survival Rate from Age 15-60,HD.HCI.AMRT,Israel,ISR,0.950315595
Survival Rate from Age 15-60,HD.HCI.AMRT,Italy,ITA,0.95279336
Survival Rate from Age 15-60,HD.HCI.AMRT,Jamaica,JAM,0.861376643
Survival Rate from Age 15-60,HD.HCI.AMRT,Japan,JPN,0.948549092
Survival Rate from Age 15-60,HD.HCI.AMRT,Jordan,JOR,0.894166231
Survival Rate from Age 15-60,HD.HCI.AMRT,Kazakhstan,KAZ,0.844640255
Survival Rate from Age 15-60,HD.HCI.AMRT,Kenya,KEN,0.773602128
Survival Rate from Age 15-60,HD.HCI.AMRT,Kiribati,KIR,0.808998704
Survival Rate from Age 15-60,HD.HCI.AMRT,"Korea, Dem. People's Rep.",PRK,..
Survival Rate from Age 15-60,HD.HCI.AMRT,"Korea, Rep.",KOR,0.944547057
Survival Rate from Age 15-60,HD.HCI.AMRT,Kosovo,XKX,0.906000018
Survival Rate from Age 15-60,HD.HCI.AMRT,Kuwait,KWT,0.941962719
Survival Rate from Age 15-60,HD.HCI.AMRT,Kyrgyz Republic,KGZ,0.849434614
Survival Rate from Age 15-60,HD.HCI.AMRT,Lao PDR,LAO,0.821788013
Survival Rate from Age 15-60,HD.HCI.AMRT,Latvia,LVA,0.844131172
Survival Rate from Age 15-60,HD.HCI.AMRT,Lebanon,LBN,0.934591949
Survival Rate from Age 15-60,HD.HCI.AMRT,Lesotho,LSO,0.522543788
Survival Rate from Age 15-60,HD.HCI.AMRT,Liberia,LBR,0.775718451
Survival Rate from Age 15-60,HD.HCI.AMRT,Libya,LBY,..
Survival Rate from Age 15-60,HD.HCI.AMRT,Liechtenstein,LIE,..
Survival Rate from Age 15-60,HD.HCI.AMRT,Lithuania,LTU,0.843678296
Survival Rate from Age 15-60,HD.HCI.AMRT,Luxembourg,LUX,0.941968441
Survival Rate from Age 15-60,HD.HCI.AMRT,"Macao SAR, China",MAC,0.960422873
Survival Rate from Age 15-60,HD.HCI.AMRT,Madagascar,MDG,0.796706557
Survival Rate from Age 15-60,HD.HCI.AMRT,Malawi,MWI,0.73767513
Survival Rate from Age 15-60,HD.HCI.AMRT,Malaysia,MYS,0.877020955
Survival Rate from Age 15-60,HD.HCI.AMRT,Maldives,MDV,..
Survival Rate from Age 15-60,HD.HCI.AMRT,Mali,MLI,0.749974489
Survival Rate from Age 15-60,HD.HCI.AMRT,Malta,MLT,0.951060832
Survival Rate from Age 15-60,HD.HCI.AMRT,Marshall Islands,MHL,0.699164331
Survival Rate from Age 15-60,HD.HCI.AMRT,Mauritania,MRT,0.804659128
Survival Rate from Age 15-60,HD.HCI.AMRT,Mauritius,MUS,0.859261036
Survival Rate from Age 15-60,HD.HCI.AMRT,Mexico,MEX,0.861477375
Survival Rate from Age 15-60,HD.HCI.AMRT,"Micronesia, Fed. Sts.",FSM,0.839225113
Survival Rate from Age 15-60,HD.HCI.AMRT,Moldova,MDA,0.835587919
Survival Rate from Age 15-60,HD.HCI.AMRT,Monaco,MCO,..
Survival Rate from Age 15-60,HD.HCI.AMRT,Mongolia,MNG,0.795992613
Survival Rate from Age 15-60,HD.HCI.AMRT,Montenegro,MNE,0.905613959
Survival Rate from Age 15-60,HD.HCI.AMRT,Morocco,MAR,0.934124112
Survival Rate from Age 15-60,HD.HCI.AMRT,Mozambique,MOZ,0.680878818
Survival Rate from Age 15-60,HD.HCI.AMRT,Myanmar,MMR,0.804885268
Survival Rate from Age 15-60,HD.HCI.AMRT,Namibia,NAM,0.708560586
Survival Rate from Age 15-60,HD.HCI.AMRT,Nauru,NRU,0.930999994
Survival Rate from Age 15-60,HD.HCI.AMRT,Nepal,NPL,0.85617137
Survival Rate from Age 15-60,HD.HCI.AMRT,Netherlands,NLD,0.946276546
Survival Rate from Age 15-60,HD.HCI.AMRT,New Caledonia,NCL,..
Survival Rate from Age 15-60,HD.HCI.AMRT,New Zealand,NZL,0.939959705
Survival Rate from Age 15-60,HD.HCI.AMRT,Nicaragua,NIC,0.851386786
Survival Rate from Age 15-60,HD.HCI.AMRT,Niger,NER,0.766625524
Survival Rate from Age 15-60,HD.HCI.AMRT,Nigeria,NGA,0.65854013
Survival Rate from Age 15-60,HD.HCI.AMRT,North Macedonia,MKD,0.908866405
Survival Rate from Age 15-60,HD.HCI.AMRT,Northern Mariana Islands,MNP,..
Survival Rate from Age 15-60,HD.HCI.AMRT,Norway,NOR,0.944601417
Survival Rate from Age 15-60,HD.HCI.AMRT,Oman,OMN,0.911910355
Survival Rate from Age 15-60,HD.HCI.AMRT,Pakistan,PAK,0.845309734
Survival Rate from Age 15-60,HD.HCI.AMRT,Palau,PLW,0.86500001
Survival Rate from Age 15-60,HD.HCI.AMRT,Panama,PAN,0.888129532
Survival Rate from Age 15-60,HD.HCI.AMRT,Papua New Guinea,PNG,0.782354057
Survival Rate from Age 15-60,HD.HCI.AMRT,Paraguay,PRY,0.857928097
Survival Rate from Age 15-60,HD.HCI.AMRT,Peru,PER,0.885788918
Survival Rate from Age 15-60,HD.HCI.AMRT,Philippines,PHL,0.816831172
Survival Rate from Age 15-60,HD.HCI.AMRT,Poland,POL,0.894227266
Survival Rate from Age 15-60,HD.HCI.AMRT,Portugal,PRT,0.932934225
Survival Rate from Age 15-60,HD.HCI.AMRT,Puerto Rico,PRI,..
Survival Rate from Age 15-60,HD.HCI.AMRT,Qatar,QAT,0.961434424
Survival Rate from Age 15-60,HD.HCI.AMRT,Romania,ROU,0.877821922
Survival Rate from Age 15-60,HD.HCI.AMRT,Russian Federation,RUS,0.803582013
Survival Rate from Age 15-60,HD.HCI.AMRT,Rwanda,RWA,0.81438154
Survival Rate from Age 15-60,HD.HCI.AMRT,Samoa,WSM,0.89001441
Survival Rate from Age 15-60,HD.HCI.AMRT,San Marino,SMR,..
Survival Rate from Age 15-60,HD.HCI.AMRT,Sao Tome and Principe,STP,..
Survival Rate from Age 15-60,HD.HCI.AMRT,Saudi Arabia,SAU,0.915835381
Survival Rate from Age 15-60,HD.HCI.AMRT,Senegal,SEN,0.825250804
Survival Rate from Age 15-60,HD.HCI.AMRT,Serbia,SRB,0.892961323
Survival Rate from Age 15-60,HD.HCI.AMRT,Seychelles,SYC,0.848127484
Survival Rate from Age 15-60,HD.HCI.AMRT,Sierra Leone,SLE,0.631157756
Survival Rate from Age 15-60,HD.HCI.AMRT,Singapore,SGP,0.952393055
Survival Rate from Age 15-60,HD.HCI.AMRT,Sint Maarten (Dutch part),SXM,..
Survival Rate from Age 15-60,HD.HCI.AMRT,Slovak Republic,SVK,0.898332775
Survival Rate from Age 15-60,HD.HCI.AMRT,Slovenia,SVN,0.93498975
Survival Rate from Age 15-60,HD.HCI.AMRT,Solomon Islands,SLB,0.856936395
Survival Rate from Age 15-60,HD.HCI.AMRT,Somalia,SOM,..
Survival Rate from Age 15-60,HD.HCI.AMRT,South Africa,ZAF,0.690752625
Survival Rate from Age 15-60,HD.HCI.AMRT,South Sudan,SSD,0.677222729
Survival Rate from Age 15-60,HD.HCI.AMRT,Spain,ESP,0.946016252
Survival Rate from Age 15-60,HD.HCI.AMRT,Sri Lanka,LKA,0.898495495
Survival Rate from Age 15-60,HD.HCI.AMRT,St. Kitts and Nevis,KNA,0.876999974
Survival Rate from Age 15-60,HD.HCI.AMRT,St. Lucia,LCA,0.86544627
Survival Rate from Age 15-60,HD.HCI.AMRT,St. Martin (French part),MAF,..
Survival Rate from Age 15-60,HD.HCI.AMRT,St. Vincent and the Grenadines,VCT,0.833130836
Survival Rate from Age 15-60,HD.HCI.AMRT,Sudan,SDN,0.786300719
Survival Rate from Age 15-60,HD.HCI.AMRT,Suriname,SUR,..
Survival Rate from Age 15-60,HD.HCI.AMRT,Sweden,SWE,0.949876189
Survival Rate from Age 15-60,HD.HCI.AMRT,Switzerland,CHE,0.953842223
Survival Rate from Age 15-60,HD.HCI.AMRT,Syrian Arab Republic,SYR,..
Survival Rate from Age 15-60,HD.HCI.AMRT,Tajikistan,TJK,0.871234179
Survival Rate from Age 15-60,HD.HCI.AMRT,Tanzania,TZA,0.781867921
Survival Rate from Age 15-60,HD.HCI.AMRT,Thailand,THA,0.869196296
Survival Rate from Age 15-60,HD.HCI.AMRT,Timor-Leste,TLS,0.857693791
Survival Rate from Age 15-60,HD.HCI.AMRT,Togo,TGO,0.743062496
Survival Rate from Age 15-60,HD.HCI.AMRT,Tonga,TON,0.833986342
Survival Rate from Age 15-60,HD.HCI.AMRT,Trinidad and Tobago,TTO,0.853208899
Survival Rate from Age 15-60,HD.HCI.AMRT,Tunisia,TUN,0.914562702
Survival Rate from Age 15-60,HD.HCI.AMRT,Turkey,TUR,0.910988688
Survival Rate from Age 15-60,HD.HCI.AMRT,Turkmenistan,TKM,..
Survival Rate from Age 15-60,HD.HCI.AMRT,Turks and Caicos Islands,TCA,..
Survival Rate from Age 15-60,HD.HCI.AMRT,Tuvalu,TUV,0.787
Survival Rate from Age 15-60,HD.HCI.AMRT,Uganda,UGA,0.737031519
Survival Rate from Age 15-60,HD.HCI.AMRT,Ukraine,UKR,0.814607322
Survival Rate from Age 15-60,HD.HCI.AMRT,United Arab Emirates,ARE,0.938642502
Survival Rate from Age 15-60,HD.HCI.AMRT,United Kingdom,GBR,0.933411658
Survival Rate from Age 15-60,HD.HCI.AMRT,United States,USA,0.889483511
Survival Rate from Age 15-60,HD.HCI.AMRT,Uruguay,URY,0.893717527
Survival Rate from Age 15-60,HD.HCI.AMRT,Uzbekistan,UZB,0.866114259
Survival Rate from Age 15-60,HD.HCI.AMRT,Vanuatu,VUT,0.873641133
Survival Rate from Age 15-60,HD.HCI.AMRT,"Venezuela, RB",VEN,..
Survival Rate from Age 15-60,HD.HCI.AMRT,Vietnam,VNM,0.86706692
Survival Rate from Age 15-60,HD.HCI.AMRT,Virgin Islands (U.S.),VIR,..
Survival Rate from Age 15-60,HD.HCI.AMRT,West Bank and Gaza,PSE,0.892101824
Survival Rate from Age 15-60,HD.HCI.AMRT,"Yemen, Rep.",YEM,0.803752124
Survival Rate from Age 15-60,HD.HCI.AMRT,Zambia,ZMB,0.7323879
Survival Rate from Age 15-60,HD.HCI.AMRT,Zimbabwe,ZWE,0.650399327
,,,,
,,,,
,,,,
Data from database: Human Capital Index,,,,
Last Updated: 09/21/2020,,,,
