ID,Country ,Country Code,YEAR,Population,Electricity 
TUV2016,Tuvalu,TUV,2016,11225,99.68350983
TUV2017,Tuvalu,TUV,2017,11370,99.86871338
TUV2018,Tuvalu,TUV,2018,11508,100
TUV2019,Tuvalu,TUV,2019,11646,0
TUV2020,Tuvalu,TUV,2020,12000,0
NRU2019,Nauru,NRU,2019,12581,0
NRU2018,Nauru,NRU,2018,12704,99.838974
NRU2017,Nauru,NRU,2017,12876,99.67179871
NRU2020,Nauru,NRU,2020,13000,0
NRU2016,Nauru,NRU,2016,13049,99.50611115
PLW2016,Palau,PLW,2016,17725,100
PLW2017,Palau,PLW,2017,17808,100
PLW2018,Palau,PLW,2018,17907,100
PLW2020,Palau,PLW,2020,18000,0
PLW2019,Palau,PLW,2019,18008,0
VGB2016,British Virgin Islands,VGB,2016,29355,100
VGB2017,British Virgin Islands,VGB,2017,29577,100
VGB2018,British Virgin Islands,VGB,2018,29802,100
VGB2020,British Virgin Islands,VGB,2020,30000,0
VGB2019,British Virgin Islands,VGB,2019,30030,0
SMR2016,San Marino,SMR,2016,33504,100
SMR2017,San Marino,SMR,2017,33671,100
GIB2019,Gibraltar,GIB,2019,33701,0
GIB2018,Gibraltar,GIB,2018,33718,100
GIB2017,Gibraltar,GIB,2017,33728,100
GIB2016,Gibraltar,GIB,2016,33737,100
SMR2018,San Marino,SMR,2018,33785,100
SMR2019,San Marino,SMR,2019,33860,0
GIB2020,Gibraltar,GIB,2020,34000,0
SMR2020,San Marino,SMR,2020,34000,0
MAF2016,St. Martin (French part),MAF,2016,36065,100
TCA2016,Turks and Caicos Islands,TCA,2016,36559,100
MAF2017,St. Martin (French part),MAF,2017,36560,100
TCA2017,Turks and Caicos Islands,TCA,2017,37115,100
MAF2018,St. Martin (French part),MAF,2018,37264,100
LIE2016,Liechtenstein,LIE,2016,37658,100
TCA2018,Turks and Caicos Islands,TCA,2018,37665,100
LIE2017,Liechtenstein,LIE,2017,37800,100
LIE2018,Liechtenstein,LIE,2018,37910,100
LIE2020,Liechtenstein,LIE,2020,38000,0
MAF2019,St. Martin (French part),MAF,2019,38002,0
LIE2019,Liechtenstein,LIE,2019,38019,0
MCO2016,Monaco,MCO,2016,38070,100
TCA2019,Turks and Caicos Islands,TCA,2019,38191,0
MCO2017,Monaco,MCO,2017,38392,100
MCO2018,Monaco,MCO,2018,38682,100
MCO2019,Monaco,MCO,2019,38964,0
MCO2020,Monaco,MCO,2020,39000,0
TCA2020,Turks and Caicos Islands,TCA,2020,39000,0
SXM2016,Sint Maarten (Dutch part),SXM,2016,39969,100
SXM2017,Sint Maarten (Dutch part),SXM,2017,40574,100
SXM2018,Sint Maarten (Dutch part),SXM,2018,40654,100
SXM2019,Sint Maarten (Dutch part),SXM,2019,40733,0
FRO2016,Faroe Islands,FRO,2016,48173,100
FRO2017,Faroe Islands,FRO,2017,48331,100
FRO2018,Faroe Islands,FRO,2018,48497,100
FRO2019,Faroe Islands,FRO,2019,48678,0
FRO2020,Faroe Islands,FRO,2020,49000,0
KNA2016,St. Kitts and Nevis,KNA,2016,51629,100
KNA2017,St. Kitts and Nevis,KNA,2017,52036,100
KNA2018,St. Kitts and Nevis,KNA,2018,52438,100
KNA2019,St. Kitts and Nevis,KNA,2019,52834,0
KNA2020,St. Kitts and Nevis,KNA,2020,53000,0
ASM2020,American Samoa,ASM,2020,55000,0
ASM2019,American Samoa,ASM,2019,55312,0
ASM2018,American Samoa,ASM,2018,55465,0
ASM2017,American Samoa,ASM,2017,55620,0
ASM2016,American Samoa,ASM,2016,55741,0
GRL2018,Greenland,GRL,2018,56023,100
GRL2017,Greenland,GRL,2017,56172,100
GRL2016,Greenland,GRL,2016,56186,100
MNP2016,Northern Mariana Islands,MNP,2016,56188,100
GRL2019,Greenland,GRL,2019,56225,0
MNP2017,Northern Mariana Islands,MNP,2017,56562,100
MNP2018,Northern Mariana Islands,MNP,2018,56882,100
MNP2019,Northern Mariana Islands,MNP,2019,57216,0
MHL2016,Marshall Islands,MHL,2016,57735,93.41909027
MNP2020,Northern Mariana Islands,MNP,2020,58000,0
MHL2017,Marshall Islands,MHL,2017,58058,94.64900208
MHL2018,Marshall Islands,MHL,2018,58413,96.35547638
MHL2019,Marshall Islands,MHL,2019,58791,0
MHL2020,Marshall Islands,MHL,2020,59000,0
CYM2016,Cayman Islands,CYM,2016,62569,100
CYM2017,Cayman Islands,CYM,2017,63382,100
BMU2017,Bermuda,BMU,2017,63873,100
BMU2019,Bermuda,BMU,2019,63918,0
BMU2018,Bermuda,BMU,2018,63920,100
CYM2018,Cayman Islands,CYM,2018,64174,100
BMU2016,Bermuda,BMU,2016,64554,100
CYM2019,Cayman Islands,CYM,2019,64948,0
CYM2020,Cayman Islands,CYM,2020,66000,0
DMA2016,Dominica,DMA,2016,71307,99.98151398
DMA2017,Dominica,DMA,2017,71458,100
DMA2018,Dominica,DMA,2018,71625,100
DMA2019,Dominica,DMA,2019,71808,0
DMA2020,Dominica,DMA,2020,72000,0
AND2020,Andorra,AND,2020,77000,0
AND2017,Andorra,AND,2017,77001,100
AND2018,Andorra,AND,2018,77006,100
AND2019,Andorra,AND,2019,77142,0
AND2016,Andorra,AND,2016,77297,100
IMN2016,Isle of Man,IMN,2016,83287,100
IMN2017,Isle of Man,IMN,2017,83598,100
IMN2018,Isle of Man,IMN,2018,84077,100
IMN2019,Isle of Man,IMN,2019,84584,0
IMN2020,Isle of Man,IMN,2020,85000,0
ATG2016,Antigua and Barbuda,ATG,2016,94527,100
SYC2016,Seychelles,SYC,2016,94677,100
ATG2017,Antigua and Barbuda,ATG,2017,95426,100
SYC2017,Seychelles,SYC,2017,95843,100
ATG2018,Antigua and Barbuda,ATG,2018,96286,100
SYC2018,Seychelles,SYC,2018,96762,100
ATG2019,Antigua and Barbuda,ATG,2019,97118,0
SYC2019,Seychelles,SYC,2019,97625,0
ATG2020,Antigua and Barbuda,ATG,2020,98000,0
SYC2020,Seychelles,SYC,2020,98000,0
TON2016,Tonga,TON,2016,101133,97.02
TON2017,Tonga,TON,2017,101998,97.98391724
TON2018,Tonga,TON,2018,103197,98.89260101
TON2019,Tonga,TON,2019,104494,0
ABW2016,Aruba,ABW,2016,104872,100
ABW2017,Aruba,ABW,2017,105366,100
ABW2018,Aruba,ABW,2018,105845,100
TON2020,Tonga,TON,2020,106000,0
VIR2020,Virgin Islands (U.S.),VIR,2020,106000,0
ABW2019,Aruba,ABW,2019,106314,0
VIR2019,Virgin Islands (U.S.),VIR,2019,106631,0
VIR2018,Virgin Islands (U.S.),VIR,2018,106977,100
ABW2020,Aruba,ABW,2020,107000,0
VIR2017,Virgin Islands (U.S.),VIR,2017,107268,100
VIR2016,Virgin Islands (U.S.),VIR,2016,107510,100
VCT2016,St. Vincent and the Grenadines,VCT,2016,109459,99.82214355
VCT2017,St. Vincent and the Grenadines,VCT,2017,109827,99.98304749
VCT2018,St. Vincent and the Grenadines,VCT,2018,110210,100
FSM2016,"Micronesia, Fed. Sts.",FSM,2016,110215,78.00147247
GRD2016,Grenada,GRD,2016,110261,93.61727905
VCT2019,St. Vincent and the Grenadines,VCT,2019,110589,0
GRD2017,Grenada,GRD,2017,110874,94.53491211
VCT2020,St. Vincent and the Grenadines,VCT,2020,111000,0
GRD2018,Grenada,GRD,2018,111454,95.29198456
FSM2017,"Micronesia, Fed. Sts.",FSM,2017,111459,80.13088226
GRD2019,Grenada,GRD,2019,112003,0
KIR2016,Kiribati,KIR,2016,112524,93.57081604
FSM2018,"Micronesia, Fed. Sts.",FSM,2018,112640,82.09972382
GRD2020,Grenada,GRD,2020,113000,0
FSM2019,"Micronesia, Fed. Sts.",FSM,2019,113815,0
KIR2017,Kiribati,KIR,2017,114158,98.6
FSM2020,"Micronesia, Fed. Sts.",FSM,2020,115000,0
KIR2018,Kiribati,KIR,2018,115847,100
KIR2019,Kiribati,KIR,2019,117606,0
KIR2020,Kiribati,KIR,2020,119000,0
CUW2019,Curacao,CUW,2019,157538,0
CUW2020,Curacao,CUW,2020,158000,0
CUW2016,Curacao,CUW,2016,159664,100
CUW2018,Curacao,CUW,2018,159800,100
CUW2017,Curacao,CUW,2017,160175,100
GUM2016,Guam,GUM,2016,162951,100
GUM2017,Guam,GUM,2017,164281,100
GUM2018,Guam,GUM,2018,165768,100
CHI2016,Channel Islands,CHI,2016,166923,0
GUM2019,Guam,GUM,2019,167294,0
CHI2017,Channel Islands,CHI,2017,168665,0
GUM2020,Guam,GUM,2020,169000,0
CHI2018,Channel Islands,CHI,2018,170499,0
CHI2019,Channel Islands,CHI,2019,172259,0
CHI2020,Channel Islands,CHI,2020,174000,0
LCA2016,St. Lucia,LCA,2016,180024,98.07876587
LCA2017,St. Lucia,LCA,2017,180955,98.80738831
LCA2018,St. Lucia,LCA,2018,181889,99.53749847
LCA2019,St. Lucia,LCA,2019,182790,0
LCA2020,St. Lucia,LCA,2020,184000,0
WSM2016,Samoa,WSM,2016,194535,99.94758606
WSM2017,Samoa,WSM,2017,195352,96.8
WSM2018,Samoa,WSM,2018,196130,100
WSM2019,Samoa,WSM,2019,197097,0
WSM2020,Samoa,WSM,2020,198000,0
STP2016,Sao Tome and Principe,STP,2016,203227,68.07398224
STP2017,Sao Tome and Principe,STP,2017,207089,69.74932861
STP2018,Sao Tome and Principe,STP,2018,211028,71
STP2019,Sao Tome and Principe,STP,2019,215056,0
STP2020,Sao Tome and Principe,STP,2020,219000,0
PYF2016,French Polynesia,PYF,2016,274575,100
PYF2017,French Polynesia,PYF,2017,276103,100
NCL2016,New Caledonia,NCL,2016,276550,100
PYF2018,French Polynesia,PYF,2018,277679,100
VUT2016,Vanuatu,VUT,2016,278330,57.82
PYF2019,French Polynesia,PYF,2019,279287,0
NCL2017,New Caledonia,NCL,2017,280350,100
PYF2020,French Polynesia,PYF,2020,281000,0
NCL2018,New Caledonia,NCL,2018,284060,100
VUT2017,Vanuatu,VUT,2017,285510,62.8
BRB2016,Barbados,BRB,2016,285796,100
BRB2017,Barbados,BRB,2017,286233,100
BRB2018,Barbados,BRB,2018,286641,100
BRB2020,Barbados,BRB,2020,287000,0
BRB2019,Barbados,BRB,2019,287025,0
NCL2019,New Caledonia,NCL,2019,287800,0
NCL2020,New Caledonia,NCL,2020,291000,0
VUT2018,Vanuatu,VUT,2018,292680,61.86476898
VUT2019,Vanuatu,VUT,2019,299882,0
VUT2020,Vanuatu,VUT,2020,307000,0
ISL2016,Iceland,ISL,2016,335439,100
ISL2017,Iceland,ISL,2017,343400,100
ISL2018,Iceland,ISL,2018,352721,100
ISL2019,Iceland,ISL,2019,361313,0
ISL2020,Iceland,ISL,2020,364000,0
BLZ2016,Belize,BLZ,2016,368400,96.96377563
BLZ2017,Belize,BLZ,2017,375769,98.25115204
BHS2016,"Bahamas, The",BHS,2016,377931,100
BHS2017,"Bahamas, The",BHS,2017,381761,100
BLZ2018,Belize,BLZ,2018,383071,99.54001617
BHS2018,"Bahamas, The",BHS,2018,385640,100
BHS2019,"Bahamas, The",BHS,2019,389482,0
BLZ2019,Belize,BLZ,2019,390353,0
BHS2020,"Bahamas, The",BHS,2020,393000,0
BLZ2020,Belize,BLZ,2020,398000,0
BRN2016,Brunei Darussalam,BRN,2016,419800,100
BRN2017,Brunei Darussalam,BRN,2017,424473,100
BRN2018,Brunei Darussalam,BRN,2018,428962,100
BRN2019,Brunei Darussalam,BRN,2019,433285,0
BRN2020,Brunei Darussalam,BRN,2020,437000,0
MLT2016,Malta,MLT,2016,455356,100
MLT2017,Malta,MLT,2017,467999,100
MDV2016,Maldives,MDV,2016,475513,99.96524048
MLT2018,Malta,MLT,2018,484630,100
MDV2017,Maldives,MDV,2017,496402,99.8
MLT2019,Malta,MLT,2019,502653,0
MLT2020,Malta,MLT,2020,504000,0
MDV2018,Maldives,MDV,2018,515696,100
MDV2019,Maldives,MDV,2019,530953,0
CPV2016,Cabo Verde,CPV,2016,531146,89.24594879
CPV2017,Cabo Verde,CPV,2017,537497,91.4152298
MDV2020,Maldives,MDV,2020,541000,0
CPV2018,Cabo Verde,CPV,2018,543767,93.58599854
CPV2019,Cabo Verde,CPV,2019,549935,0
CPV2020,Cabo Verde,CPV,2020,556000,0
SUR2016,Suriname,SUR,2016,564883,96.06616974
SUR2017,Suriname,SUR,2017,570501,96.80492401
SUR2018,Suriname,SUR,2018,575987,97.4
SUR2019,Suriname,SUR,2019,581363,0
LUX2016,Luxembourg,LUX,2016,582014,100
SUR2020,Suriname,SUR,2020,587000,0
LUX2017,Luxembourg,LUX,2017,596336,100
LUX2018,Luxembourg,LUX,2018,607950,100
MAC2016,"Macao SAR, China",MAC,2016,612836,100
SLB2016,Solomon Islands,SLB,2016,619437,58.67827606
LUX2019,Luxembourg,LUX,2019,619896,0
MNE2020,Montenegro,MNE,2020,622000,0
MNE2019,Montenegro,MNE,2019,622137,0
MNE2018,Montenegro,MNE,2018,622227,100
MNE2016,Montenegro,MNE,2016,622303,100
MNE2017,Montenegro,MNE,2017,622373,100
MAC2017,"Macao SAR, China",MAC,2017,622585,100
LUX2020,Luxembourg,LUX,2020,629000,0
MAC2018,"Macao SAR, China",MAC,2018,631636,100
SLB2017,Solomon Islands,SLB,2017,636038,62.9
MAC2019,"Macao SAR, China",MAC,2019,640445,0
MAC2020,"Macao SAR, China",MAC,2020,649000,0
SLB2018,Solomon Islands,SLB,2018,652858,66.66609955
SLB2019,Solomon Islands,SLB,2019,669823,0
SLB2020,Solomon Islands,SLB,2020,687000,0
BTN2016,Bhutan,BTN,2016,736709,99.59632874
BTN2017,Bhutan,BTN,2017,745568,97.7
BTN2018,Bhutan,BTN,2018,754394,100
BTN2019,Bhutan,BTN,2019,763092,0
GUY2016,Guyana,GUY,2016,771366,89.71763611
BTN2020,Bhutan,BTN,2020,772000,0
GUY2017,Guyana,GUY,2017,775221,90.86386108
GUY2018,Guyana,GUY,2018,779004,91.84952545
GUY2019,Guyana,GUY,2019,782766,0
GUY2020,Guyana,GUY,2020,787000,0
COM2016,Comoros,COM,2016,795592,76.91812134
COM2017,Comoros,COM,2017,813892,79.41969299
COM2018,Comoros,COM,2018,832322,81.92275238
COM2019,Comoros,COM,2019,850886,0
COM2020,Comoros,COM,2020,870000,0
FJI2016,Fiji,FJI,2016,872399,96.62377167
FJI2017,Fiji,FJI,2017,877459,96
FJI2018,Fiji,FJI,2018,883483,99.5933609
FJI2019,Fiji,FJI,2019,889953,0
FJI2020,Fiji,FJI,2020,896000,0
DJI2016,Djibouti,DJI,2016,929112,58.69424057
DJI2017,Djibouti,DJI,2017,944097,60.2
DJI2018,Djibouti,DJI,2018,958920,60.39544678
DJI2019,Djibouti,DJI,2019,973560,0
DJI2020,Djibouti,DJI,2020,988000,0
SWZ2016,Eswatini,SWZ,2016,1113984,69.5853653
SWZ2017,Eswatini,SWZ,2017,1124753,73.5
SWZ2018,Eswatini,SWZ,2018,1136191,76.50398254
SWZ2019,Eswatini,SWZ,2019,1148130,0
SWZ2020,Eswatini,SWZ,2020,1160000,0
CYP2016,Cyprus,CYP,2016,1170187,100
CYP2017,Cyprus,CYP,2017,1179680,100
CYP2018,Cyprus,CYP,2018,1189265,100
CYP2019,Cyprus,CYP,2019,1198575,0
CYP2020,Cyprus,CYP,2020,1207000,0
GNQ2016,Equatorial Guinea,GNQ,2016,1215179,66.52042389
TLS2016,Timor-Leste,TLS,2016,1219288,76.5
TLS2017,Timor-Leste,TLS,2017,1243261,80.00364685
GNQ2017,Equatorial Guinea,GNQ,2017,1262001,66.77571869
MUS2016,Mauritius,MUS,2016,1263473,97.37947083
MUS2017,Mauritius,MUS,2017,1264613,97.42199707
MUS2018,Mauritius,MUS,2018,1265303,97.46600342
MUS2019,Mauritius,MUS,2019,1265711,0
TLS2018,Timor-Leste,TLS,2018,1267972,85.59183502
MUS2020,Mauritius,MUS,2020,1268000,0
TLS2019,Timor-Leste,TLS,2019,1293119,0
GNQ2018,Equatorial Guinea,GNQ,2018,1308974,67.03250122
EST2016,Estonia,EST,2016,1315790,100
EST2017,Estonia,EST,2017,1317384,100
TLS2020,Timor-Leste,TLS,2020,1318000,0
EST2018,Estonia,EST,2018,1321977,100
EST2020,Estonia,EST,2020,1325000,0
EST2019,Estonia,EST,2019,1326590,0
GNQ2019,Equatorial Guinea,GNQ,2019,1355986,0
TTO2016,Trinidad and Tobago,TTO,2016,1377564,100
TTO2017,Trinidad and Tobago,TTO,2017,1384072,100
TTO2018,Trinidad and Tobago,TTO,2018,1389858,100
TTO2019,Trinidad and Tobago,TTO,2019,1394973,0
TTO2020,Trinidad and Tobago,TTO,2020,1399000,0
GNQ2020,Equatorial Guinea,GNQ,2020,1403000,0
BHR2016,Bahrain,BHR,2016,1425791,100
BHR2017,Bahrain,BHR,2017,1494074,100
BHR2018,Bahrain,BHR,2018,1569439,100
BHR2019,Bahrain,BHR,2019,1641172,0
BHR2020,Bahrain,BHR,2020,1702000,0
XKX2016,Kosovo,XKX,2016,1777557,100
GNB2016,Guinea-Bissau,GNB,2016,1782437,23.29334831
XKX2017,Kosovo,XKX,2017,1791003,99.8
XKX2019,Kosovo,XKX,2019,1794248,0
XKX2018,Kosovo,XKX,2018,1797085,100
XKX2020,Kosovo,XKX,2020,1806000,0
GNB2017,Guinea-Bissau,GNB,2017,1828146,26
GNB2018,Guinea-Bissau,GNB,2018,1874309,28.66202164
LVA2020,Latvia,LVA,2020,1893000,0
LVA2019,Latvia,LVA,2019,1912789,0
GNB2019,Guinea-Bissau,GNB,2019,1920922,0
LVA2018,Latvia,LVA,2018,1927174,100
LVA2017,Latvia,LVA,2017,1942248,100
LVA2016,Latvia,LVA,2016,1959537,100
GNB2020,Guinea-Bissau,GNB,2020,1968000,0
GAB2016,Gabon,GAB,2016,2007873,90.77037048
GAB2017,Gabon,GAB,2017,2064823,91.90228271
SVN2016,Slovenia,SVN,2016,2065042,100
SVN2017,Slovenia,SVN,2017,2066388,100
SVN2018,Slovenia,SVN,2018,2073894,100
LSO2016,Lesotho,LSO,2016,2075001,35.28564453
MKD2016,North Macedonia,MKD,2016,2080745,100
MKD2017,North Macedonia,MKD,2017,2081996,100
MKD2018,North Macedonia,MKD,2018,2082958,100
MKD2020,North Macedonia,MKD,2020,2083000,0
MKD2019,North Macedonia,MKD,2019,2083459,0
SVN2019,Slovenia,SVN,2019,2087946,0
SVN2020,Slovenia,SVN,2020,2088000,0
LSO2017,Lesotho,LSO,2017,2091412,33.7
LSO2018,Lesotho,LSO,2018,2108132,47
GAB2018,Gabon,GAB,2018,2119275,93.03568268
LSO2019,Lesotho,LSO,2019,2125268,0
LSO2020,Lesotho,LSO,2020,2142000,0
GMB2016,"Gambia, The",GMB,2016,2149139,56.04903412
BWA2016,Botswana,BWA,2016,2159944,60.35446548
GAB2019,Gabon,GAB,2019,2172579,0
BWA2017,Botswana,BWA,2017,2205128,62.60235214
GMB2017,"Gambia, The",GMB,2017,2213894,56.2
GAB2020,Gabon,GAB,2020,2226000,0
BWA2018,Botswana,BWA,2018,2254126,64.85172272
GMB2018,"Gambia, The",GMB,2018,2280102,60.3
BWA2019,Botswana,BWA,2019,2303697,0
GMB2019,"Gambia, The",GMB,2019,2347706,0
BWA2020,Botswana,BWA,2020,2352000,0
NAM2016,Namibia,NAM,2016,2358041,49.7
PSS2016,Pacific island small states,PSS,2016,2388307,81.5220127
NAM2017,Namibia,NAM,2017,2402603,52.5
GMB2020,"Gambia, The",GMB,2020,2417000,0
PSS2017,Pacific island small states,PSS,2017,2422086,82.96948139
NAM2018,Namibia,NAM,2018,2448255,53.87387466
PSS2018,Pacific island small states,PSS,2018,2457367,85.50135884
PSS2019,Pacific island small states,PSS,2019,2493696,0
NAM2019,Namibia,NAM,2019,2494530,0
PSS2020,Pacific island small states,PSS,2020,2530000,0
NAM2020,Namibia,NAM,2020,2541000,0
MDA2020,Moldova,MDA,2020,2651000,0
QAT2016,Qatar,QAT,2016,2654374,100
MDA2019,Moldova,MDA,2019,2657637,0
MDA2018,Moldova,MDA,2018,2706049,100
QAT2017,Qatar,QAT,2017,2724724,100
LTU2020,Lithuania,LTU,2020,2753000,0
MDA2017,Moldova,MDA,2017,2755158,100
QAT2018,Qatar,QAT,2018,2781677,100
LTU2019,Lithuania,LTU,2019,2786844,0
LTU2018,Lithuania,LTU,2018,2801543,100
MDA2016,Moldova,MDA,2016,2802170,100
LTU2017,Lithuania,LTU,2017,2828403,100
QAT2019,Qatar,QAT,2019,2832067,0
ALB2020,Albania,ALB,2020,2850000,0
ALB2019,Albania,ALB,2019,2854191,0
ALB2018,Albania,ALB,2018,2866376,100
LTU2016,Lithuania,LTU,2016,2868231,100
ALB2017,Albania,ALB,2017,2873457,100
ALB2016,Albania,ALB,2016,2876101,100
QAT2020,Qatar,QAT,2020,2881000,0
JAM2016,Jamaica,JAM,2016,2906238,96.99733734
JAM2017,Jamaica,JAM,2017,2920853,97.96456146
JAM2018,Jamaica,JAM,2018,2934855,98.93328094
ARM2016,Armenia,ARM,2016,2936146,100
ARM2017,Armenia,ARM,2017,2944809,100
JAM2019,Jamaica,JAM,2019,2948279,0
ARM2018,Armenia,ARM,2018,2951776,100
ARM2019,Armenia,ARM,2019,2957731,0
JAM2020,Jamaica,JAM,2020,2961000,0
ARM2020,Armenia,ARM,2020,2963000,0
MNG2016,Mongolia,MNG,2016,3056359,91.0623703
MNG2017,Mongolia,MNG,2017,3113779,93.84365845
PRI2020,Puerto Rico,PRI,2020,3159000,0
MNG2018,Mongolia,MNG,2018,3170208,98.1
PRI2018,Puerto Rico,PRI,2018,3193354,100
PRI2019,Puerto Rico,PRI,2019,3193694,0
MNG2019,Mongolia,MNG,2019,3225167,0
MNG2020,Mongolia,MNG,2020,3278000,0
BIH2020,Bosnia and Herzegovina,BIH,2020,3281000,0
BIH2019,Bosnia and Herzegovina,BIH,2019,3301000,0
BIH2018,Bosnia and Herzegovina,BIH,2018,3323929,100
PRI2017,Puerto Rico,PRI,2017,3325286,100
BIH2017,Bosnia and Herzegovina,BIH,2017,3351527,100
BIH2016,Bosnia and Herzegovina,BIH,2016,3386267,100
PRI2016,Puerto Rico,PRI,2016,3406672,100
URY2016,Uruguay,URY,2016,3424132,99.7
URY2017,Uruguay,URY,2017,3436646,100
URY2018,Uruguay,URY,2018,3449299,100
URY2019,Uruguay,URY,2019,3461734,0
URY2020,Uruguay,URY,2020,3474000,0
GEO2020,Georgia,GEO,2020,3711000,0
GEO2019,Georgia,GEO,2019,3720382,0
GEO2018,Georgia,GEO,2018,3726549,100
GEO2016,Georgia,GEO,2016,3727505,100
GEO2017,Georgia,GEO,2017,3728004,100
KWT2016,Kuwait,KWT,2016,3956875,100
PAN2016,Panama,PAN,2016,4037078,96.77424622
HRV2020,Croatia,HRV,2020,4043000,0
KWT2017,Kuwait,KWT,2017,4056099,100
HRV2019,Croatia,HRV,2019,4067500,0
HRV2018,Croatia,HRV,2018,4087843,100
PAN2017,Panama,PAN,2017,4106771,100
HRV2017,Croatia,HRV,2017,4124531,100
KWT2018,Kuwait,KWT,2018,4137312,100
MRT2016,Mauritania,MRT,2016,4163534,41.47495651
HRV2016,Croatia,HRV,2016,4174349,100
PAN2018,Panama,PAN,2018,4176873,100
KWT2019,Kuwait,KWT,2019,4207083,0
PAN2019,Panama,PAN,2019,4246439,0
KWT2020,Kuwait,KWT,2020,4271000,0
MRT2017,Mauritania,MRT,2017,4282574,42.9
PAN2020,Panama,PAN,2020,4315000,0
PSE2016,West Bank and Gaza,PSE,2016,4367088,99.99033356
MRT2018,Mauritania,MRT,2018,4403319,44.52691269
PSE2017,West Bank and Gaza,PSE,2017,4454805,99.7
OMN2016,Oman,OMN,2016,4479219,100
MRT2019,Mauritania,MRT,2019,4525696,0
CAF2016,Central African Republic,CAF,2016,4537687,27.08800697
PSE2018,West Bank and Gaza,PSE,2018,4569087,100
LBR2016,Liberia,LBR,2016,4586788,19.8
CAF2017,Central African Republic,CAF,2017,4596028,29.83448982
MRT2020,Mauritania,MRT,2020,4650000,0
OMN2017,Oman,OMN,2017,4665935,100
CAF2018,Central African Republic,CAF,2018,4666377,32.42039871
PSE2019,West Bank and Gaza,PSE,2019,4685306,0
NZL2016,New Zealand,NZL,2016,4693200,100
LBR2017,Liberia,LBR,2017,4702228,24.2
CAF2019,Central African Republic,CAF,2019,4745185,0
IRL2016,Ireland,IRL,2016,4755335,100
NZL2017,New Zealand,NZL,2017,4793900,100
PSE2020,West Bank and Gaza,PSE,2020,4800000,0
IRL2017,Ireland,IRL,2017,4807388,100
LBR2018,Liberia,LBR,2018,4818977,25.9182663
OMN2018,Oman,OMN,2018,4829483,100
CAF2020,Central African Republic,CAF,2020,4830000,0
NZL2018,New Zealand,NZL,2018,4841000,100
IRL2018,Ireland,IRL,2018,4867316,100
CRI2016,Costa Rica,CRI,2016,4899345,99.5
NZL2019,New Zealand,NZL,2019,4917000,0
LBR2019,Liberia,LBR,2019,4937374,0
IRL2019,Ireland,IRL,2019,4941444,0
CRI2017,Costa Rica,CRI,2017,4949954,99.6
NZL2020,New Zealand,NZL,2020,4955000,0
OMN2019,Oman,OMN,2019,4974986,0
COG2016,"Congo, Rep.",COG,2016,4980999,60.74069595
IRL2020,Ireland,IRL,2020,4991000,0
CRI2018,Costa Rica,CRI,2018,4999441,100
CRI2019,Costa Rica,CRI,2019,5047561,0
LBR2020,Liberia,LBR,2020,5058000,0
CRI2020,Costa Rica,CRI,2020,5094000,0
OMN2020,Oman,OMN,2020,5107000,0
COG2017,"Congo, Rep.",COG,2017,5110702,64.70985413
NOR2016,Norway,NOR,2016,5234519,100
COG2018,"Congo, Rep.",COG,2018,5244363,68.51843262
NOR2017,Norway,NOR,2017,5276968,100
NOR2018,Norway,NOR,2018,5311916,100
NOR2019,Norway,NOR,2019,5347896,0
COG2019,"Congo, Rep.",COG,2019,5380508,0
NOR2020,Norway,NOR,2020,5391000,0
SVK2016,Slovak Republic,SVK,2016,5430798,100
SVK2017,Slovak Republic,SVK,2017,5439232,100
SVK2018,Slovak Republic,SVK,2018,5446771,100
SVK2019,Slovak Republic,SVK,2019,5454073,0
SVK2020,Slovak Republic,SVK,2020,5455000,0
FIN2016,Finland,FIN,2016,5495303,100
FIN2017,Finland,FIN,2017,5508214,100
FIN2018,Finland,FIN,2018,5515525,100
COG2020,"Congo, Rep.",COG,2020,5518000,0
FIN2019,Finland,FIN,2019,5520314,0
FIN2020,Finland,FIN,2020,5528000,0
SGP2016,Singapore,SGP,2016,5607283,100
SGP2017,Singapore,SGP,2017,5612253,100
SGP2018,Singapore,SGP,2018,5638676,100
TKM2016,Turkmenistan,TKM,2016,5662372,100
SGP2019,Singapore,SGP,2019,5703569,0
DNK2016,Denmark,DNK,2016,5728010,100
SGP2020,Singapore,SGP,2020,5751000,0
TKM2017,Turkmenistan,TKM,2017,5757669,100
DNK2017,Denmark,DNK,2017,5764980,100
DNK2018,Denmark,DNK,2018,5793636,100
DNK2019,Denmark,DNK,2019,5818553,0
DNK2020,Denmark,DNK,2020,5838000,0
TKM2018,Turkmenistan,TKM,2018,5850908,100
TKM2019,Turkmenistan,TKM,2019,5942089,0
TKM2020,Turkmenistan,TKM,2020,6031000,0
KGZ2016,Kyrgyz Republic,KGZ,2016,6079500,99.92182922
KGZ2017,Kyrgyz Republic,KGZ,2017,6198200,100
NIC2016,Nicaragua,NIC,2016,6303974,85.35560608
KGZ2018,Kyrgyz Republic,KGZ,2018,6322800,100
SLV2016,El Salvador,SLV,2016,6356143,96
NIC2017,Nicaragua,NIC,2017,6384855,86.8
SLV2017,El Salvador,SLV,2017,6388122,96.8
SLV2018,El Salvador,SLV,2018,6420744,100
SLV2019,El Salvador,SLV,2019,6453553,0
KGZ2019,Kyrgyz Republic,KGZ,2019,6456900,0
NIC2018,Nicaragua,NIC,2018,6465513,88.07795715
SLV2020,El Salvador,SLV,2020,6486000,0
LBY2016,Libya,LBY,2016,6492164,71.92141724
NIC2019,Nicaragua,NIC,2019,6545502,0
KGZ2020,Kyrgyz Republic,KGZ,2020,6565000,0
LBY2017,Libya,LBY,2017,6580724,70.42612457
NIC2020,Nicaragua,NIC,2020,6625000,0
LBY2018,Libya,LBY,2018,6678567,67
LBN2016,Lebanon,LBN,2016,6711121,100
LBY2019,Libya,LBY,2019,6777452,0
PRY2016,Paraguay,PRY,2016,6777872,98.4
LBN2017,Lebanon,LBN,2017,6811873,100
LBN2020,Lebanon,LBN,2020,6825000,0
LAO2016,Lao PDR,LAO,2016,6845846,90.75510406
LBN2018,Lebanon,LBN,2018,6848925,100
LBN2019,Lebanon,LBN,2019,6855713,0
PRY2017,Paraguay,PRY,2017,6867062,99.3
LBY2020,Libya,LBY,2020,6871000,0
SRB2020,Serbia,SRB,2020,6911000,0
BGR2020,Bulgaria,BGR,2020,6923000,0
SRB2019,Serbia,SRB,2019,6944975,0
LAO2017,Lao PDR,LAO,2017,6953035,93.6
PRY2018,Paraguay,PRY,2018,6956071,100
BGR2019,Bulgaria,BGR,2019,6975761,0
SRB2018,Serbia,SRB,2018,6982604,100
SRB2017,Serbia,SRB,2017,7020858,100
BGR2018,Bulgaria,BGR,2018,7025037,100
PRY2019,Paraguay,PRY,2019,7044636,0
SRB2016,Serbia,SRB,2016,7058322,100
LAO2018,Lao PDR,LAO,2018,7061507,97.91982269
BGR2017,Bulgaria,BGR,2017,7075947,100
BGR2016,Bulgaria,BGR,2016,7127822,100
PRY2020,Paraguay,PRY,2020,7133000,0
LAO2019,Lao PDR,LAO,2019,7169455,0
CSS2016,Caribbean small states,CSS,2016,7269385,97.10167549
LAO2020,Lao PDR,LAO,2020,7276000,0
CSS2017,Caribbean small states,CSS,2017,7314986,97.76741781
SLE2016,Sierra Leone,SLE,2016,7328838,20.3
HKG2016,"Hong Kong SAR, China",HKG,2016,7336600,100
CSS2018,Caribbean small states,CSS,2018,7358958,98.40160227
HKG2017,"Hong Kong SAR, China",HKG,2017,7391700,100
CSS2019,Caribbean small states,CSS,2019,7401383,0
CSS2020,Caribbean small states,CSS,2020,7443000,0
HKG2018,"Hong Kong SAR, China",HKG,2018,7451000,100
SLE2017,Sierra Leone,SLE,2017,7488431,23.4
HKG2019,"Hong Kong SAR, China",HKG,2019,7507400,0
TGO2016,Togo,TGO,2016,7509952,47.41503525
HKG2020,"Hong Kong SAR, China",HKG,2020,7560000,0
SLE2018,Sierra Leone,SLE,2018,7650154,26.1
TGO2017,Togo,TGO,2017,7698475,48
SLE2019,Sierra Leone,SLE,2019,7813215,0
TGO2018,Togo,TGO,2018,7889094,51.34528351
SLE2020,Sierra Leone,SLE,2020,7977000,0
TGO2019,Togo,TGO,2019,8082366,0
PNG2016,Papua New Guinea,PNG,2016,8271760,49.4
TGO2020,Togo,TGO,2020,8279000,0
CHE2016,Switzerland,CHE,2016,8373338,100
PNG2017,Papua New Guinea,PNG,2017,8438029,54.4
CHE2017,Switzerland,CHE,2017,8451840,100
CHE2018,Switzerland,CHE,2018,8514329,100
ISR2016,Israel,ISR,2016,8546000,100
CHE2019,Switzerland,CHE,2019,8574832,0
PNG2018,Papua New Guinea,PNG,2018,8606316,58.96735764
CHE2020,Switzerland,CHE,2020,8633000,0
TJK2016,Tajikistan,TJK,2016,8663579,99.24816132
ISR2017,Israel,ISR,2017,8713300,100
AUT2016,Austria,AUT,2016,8736668,100
PNG2019,Papua New Guinea,PNG,2019,8776109,0
AUT2017,Austria,AUT,2017,8797566,100
AUT2018,Austria,AUT,2018,8840521,100
AUT2019,Austria,AUT,2019,8877067,0
TJK2017,Tajikistan,TJK,2017,8880268,99.3
ISR2018,Israel,ISR,2018,8882800,100
AUT2020,Austria,AUT,2020,8912000,0
PNG2020,Papua New Guinea,PNG,2020,8947000,0
ISR2019,Israel,ISR,2019,9053300,0
TJK2018,Tajikistan,TJK,2018,9100837,99.3
ISR2020,Israel,ISR,2020,9197000,0
HND2016,Honduras,HND,2016,9270795,91.6
TJK2019,Tajikistan,TJK,2019,9321018,0
ARE2016,United Arab Emirates,ARE,2016,9360980,100
HND2017,Honduras,HND,2017,9429013,86.5
BLR2020,Belarus,BLR,2020,9459000,0
BLR2019,Belarus,BLR,2019,9466856,0
BLR2018,Belarus,BLR,2018,9483499,100
ARE2017,United Arab Emirates,ARE,2017,9487203,100
BLR2017,Belarus,BLR,2017,9498264,100
BLR2016,Belarus,BLR,2016,9501534,100
TJK2020,Tajikistan,TJK,2020,9538000,0
JOR2016,Jordan,JOR,2016,9551467,99.92923737
HND2018,Honduras,HND,2018,9587522,91.88720703
ARE2018,United Arab Emirates,ARE,2018,9630959,100
HUN2020,Hungary,HUN,2020,9741000,0
HND2019,Honduras,HND,2019,9746117,0
AZE2016,Azerbaijan,AZE,2016,9757812,100
HUN2019,Hungary,HUN,2019,9769949,0
ARE2019,United Arab Emirates,ARE,2019,9770529,0
HUN2018,Hungary,HUN,2018,9775564,100
JOR2017,Jordan,JOR,2017,9779173,100
HUN2017,Hungary,HUN,2017,9787966,100
HUN2016,Hungary,HUN,2016,9814023,100
AZE2017,Azerbaijan,AZE,2017,9854033,100
ARE2020,United Arab Emirates,ARE,2020,9890000,0
HND2020,Honduras,HND,2020,9905000,0
SWE2016,Sweden,SWE,2016,9923085,100
AZE2018,Azerbaijan,AZE,2018,9939771,100
JOR2018,Jordan,JOR,2018,9956011,99.9
AZE2019,Azerbaijan,AZE,2019,10023318,0
SWE2017,Sweden,SWE,2017,10057698,100
JOR2019,Jordan,JOR,2019,10101694,0
AZE2020,Azerbaijan,AZE,2020,10112000,0
SWE2018,Sweden,SWE,2018,10175214,100
JOR2020,Jordan,JOR,2020,10203000,0
PRT2020,Portugal,PRT,2020,10237000,0
PRT2019,Portugal,PRT,2019,10269417,0
PRT2018,Portugal,PRT,2018,10283822,100
SWE2019,Sweden,SWE,2019,10285453,0
PRT2017,Portugal,PRT,2017,10300300,100
PRT2016,Portugal,PRT,2016,10325452,100
SWE2020,Sweden,SWE,2020,10346000,0
DOM2016,Dominican Republic,DOM,2016,10397743,98.9
BDI2016,Burundi,BDI,2016,10487998,9.637499809
DOM2017,Dominican Republic,DOM,2017,10513131,100
CZE2016,Czech Republic,CZE,2016,10566332,100
CZE2017,Czech Republic,CZE,2017,10594438,100
DOM2018,Dominican Republic,DOM,2018,10627165,100
CZE2018,Czech Republic,CZE,2018,10629928,100
GRC2020,Greece,GRC,2020,10657000,0
CZE2019,Czech Republic,CZE,2019,10669709,0
CZE2020,Czech Republic,CZE,2020,10688000,0
GRC2019,Greece,GRC,2019,10716322,0
GRC2018,Greece,GRC,2018,10732882,100
DOM2019,Dominican Republic,DOM,2019,10738958,0
GRC2017,Greece,GRC,2017,10754679,100
GRC2016,Greece,GRC,2016,10775971,100
BDI2017,Burundi,BDI,2017,10827024,9.3
SSD2016,South Sudan,SSD,2016,10832512,21.87245178
HTI2016,Haiti,HTI,2016,10839970,40.4
DOM2020,Dominican Republic,DOM,2020,10848000,0
BEN2016,Benin,BEN,2016,10872067,38.97025299
SSD2017,South Sudan,SSD,2017,10910759,25.11744118
SSD2018,South Sudan,SSD,2018,10975920,28.20185661
HTI2017,Haiti,HTI,2017,10982366,43.8
BOL2016,Bolivia,BOL,2016,11031813,91.8
SSD2019,South Sudan,SSD,2019,11062113,0
HTI2018,Haiti,HTI,2018,11123176,45.27788925
BEN2017,Benin,BEN,2017,11175204,34.5
BDI2018,Burundi,BDI,2018,11175378,11.02425194
BOL2017,Bolivia,BOL,2017,11192854,91.8
SSD2020,South Sudan,SSD,2020,11194000,0
HTI2019,Haiti,HTI,2019,11263077,0
TUN2016,Tunisia,TUN,2016,11303946,100
CUB2020,Cuba,CUB,2020,11327000,0
BEL2016,Belgium,BEL,2016,11331422,100
CUB2019,Cuba,CUB,2019,11333483,0
CUB2016,Cuba,CUB,2016,11335109,99.85346222
CUB2018,Cuba,CUB,2018,11338138,100
CUB2017,Cuba,CUB,2017,11339259,99.92835236
BOL2018,Bolivia,BOL,2018,11353142,95.5853653
BEL2017,Belgium,BEL,2017,11375158,100
HTI2020,Haiti,HTI,2020,11403000,0
BEL2018,Belgium,BEL,2018,11427054,100
TUN2017,Tunisia,TUN,2017,11433443,100
BEL2019,Belgium,BEL,2019,11484055,0
BEN2018,Benin,BEN,2018,11485048,41.52923965
BOL2019,Bolivia,BOL,2019,11513100,0
BEL2020,Belgium,BEL,2020,11525000,0
BDI2019,Burundi,BDI,2019,11530580,0
TUN2018,Tunisia,TUN,2018,11565204,99.8
RWA2016,Rwanda,RWA,2016,11668818,29.37
BOL2020,Bolivia,BOL,2020,11673000,0
TUN2019,Tunisia,TUN,2019,11694719,0
GIN2016,Guinea,GIN,2016,11738441,33.5
BEN2019,Benin,BEN,2019,11801151,0
TUN2020,Tunisia,TUN,2020,11819000,0
BDI2020,Burundi,BDI,2020,11891000,0
RWA2017,Rwanda,RWA,2017,11980937,34.1
GIN2017,Guinea,GIN,2017,12067539,35.4
BEN2020,Benin,BEN,2020,12123000,0
RWA2018,Rwanda,RWA,2018,12301939,34.71657181
GIN2018,Guinea,GIN,2018,12414318,44
RWA2019,Rwanda,RWA,2019,12626950,0
GIN2019,Guinea,GIN,2019,12771246,0
RWA2020,Rwanda,RWA,2020,12952000,0
GIN2020,Guinea,GIN,2020,13133000,0
ZWE2016,Zimbabwe,ZWE,2016,14030390,39.92399216
SOM2016,Somalia,SOM,2016,14185613,31.56941414
ZWE2017,Zimbabwe,ZWE,2017,14236745,40.48204803
ZWE2018,Zimbabwe,ZWE,2018,14439018,41.04158401
TCD2016,Chad,TCD,2016,14561666,10.41574097
SOM2017,Somalia,SOM,2017,14589119,33.41173553
ZWE2019,Zimbabwe,ZWE,2019,14645468,0
ZWE2020,Zimbabwe,ZWE,2020,14863000,0
SEN2016,Senegal,SEN,2016,14993528,64.5
SOM2018,Somalia,SOM,2018,15008154,35.25553513
TCD2017,Chad,TCD,2017,15016773,10.9
SEN2017,Senegal,SEN,2017,15419381,61.7
SOM2019,Somalia,SOM,2019,15442905,0
TCD2018,Chad,TCD,2018,15477751,11.75935555
KHM2016,Cambodia,KHM,2016,15766293,76.60250092
GTM2016,Guatemala,GTM,2016,15827690,91.91514587
SEN2018,Senegal,SEN,2018,15854360,66.95944977
SOM2020,Somalia,SOM,2020,15893000,0
TCD2019,Chad,TCD,2019,15946876,0
KHM2017,Cambodia,KHM,2017,16009414,89.07
GTM2017,Guatemala,GTM,2017,16087418,93.3
KHM2018,Cambodia,KHM,2018,16249798,91.55067444
SEN2019,Senegal,SEN,2019,16296364,0
GTM2018,Guatemala,GTM,2018,16346950,94.69546509
ZMB2016,Zambia,ZMB,2016,16363507,35.30733871
TCD2020,Chad,TCD,2020,16426000,0
KHM2019,Cambodia,KHM,2019,16486542,0
ECU2016,Ecuador,ECU,2016,16491115,98.7
GTM2019,Guatemala,GTM,2019,16604026,0
KHM2020,Cambodia,KHM,2020,16719000,0
SEN2020,Senegal,SEN,2020,16744000,0
ECU2017,Ecuador,ECU,2017,16785361,99.2
ZMB2017,Zambia,ZMB,2017,16853688,40.3
SYR2018,Syrian Arab Republic,SYR,2018,16906283,86
GTM2020,Guatemala,GTM,2020,16918000,0
NLD2016,Netherlands,NLD,2016,17030314,100
SYR2017,Syrian Arab Republic,SYR,2017,17068002,89.69814301
SYR2019,Syrian Arab Republic,SYR,2019,17070135,0
ECU2018,Ecuador,ECU,2018,17084357,100
NLD2017,Netherlands,NLD,2017,17131296,100
MWI2016,Malawi,MWI,2016,17205289,11
NLD2018,Netherlands,NLD,2018,17231624,100
NLD2019,Netherlands,NLD,2019,17332850,0
ZMB2018,Zambia,ZMB,2018,17351822,39.81262207
NLD2020,Netherlands,NLD,2020,17368000,0
ECU2019,Ecuador,ECU,2019,17373662,0
SYR2016,Syrian Arab Republic,SYR,2016,17453933,89.75059509
SYR2020,Syrian Arab Republic,SYR,2020,17501000,0
ECU2020,Ecuador,ECU,2020,17643000,0
MWI2017,Malawi,MWI,2017,17670260,12.7
KAZ2016,Kazakhstan,KAZ,2016,17794055,100
ZMB2019,Zambia,ZMB,2019,17861030,0
MLI2016,Mali,MLI,2016,17965429,41.23777771
KAZ2017,Kazakhstan,KAZ,2017,18037776,100
MWI2018,Malawi,MWI,2018,18143315,18.02
CHL2016,Chile,CHL,2016,18209068,100
KAZ2018,Kazakhstan,KAZ,2018,18276498.5,100
ZMB2020,Zambia,ZMB,2020,18384000,0
CHL2017,Chile,CHL,2017,18470439,100
MLI2017,Mali,MLI,2017,18512394,43.1
KAZ2019,Kazakhstan,KAZ,2019,18513930,0
MWI2019,Malawi,MWI,2019,18628747,0
BFA2016,Burkina Faso,BFA,2016,18646378,16.8605938
CHL2018,Chile,CHL,2018,18729160,100
KAZ2020,Kazakhstan,KAZ,2020,18733000,0
CHL2019,Chile,CHL,2019,18952038,0
MLI2018,Mali,MLI,2018,19077690,50.9
CHL2020,Chile,CHL,2020,19116000,0
MWI2020,Malawi,MWI,2020,19130000,0
BFA2017,Burkina Faso,BFA,2017,19193284,17.50648117
ROU2020,Romania,ROU,2020,19238000,0
ROU2019,Romania,ROU,2019,19356544,0
ROU2018,Romania,ROU,2018,19472545,100
ROU2017,Romania,ROU,2017,19587290,100
MLI2019,Mali,MLI,2019,19658031,0
ROU2016,Romania,ROU,2016,19702267,99.1
BFA2018,Burkina Faso,BFA,2018,19751535,14.4
MLI2020,Mali,MLI,2020,20251000,0
BFA2019,Burkina Faso,BFA,2019,20321378,0
NER2016,Niger,NER,2016,20788838,17.49469376
BFA2020,Burkina Faso,BFA,2020,20903000,0
LKA2016,Sri Lanka,LKA,2016,21203000,97.5
LKA2017,Sri Lanka,LKA,2017,21444000,97.5
NER2017,Niger,NER,2017,21602472,18.18092918
LKA2018,Sri Lanka,LKA,2018,21670000,99.58340454
LKA2019,Sri Lanka,LKA,2019,21803000,0
LKA2020,Sri Lanka,LKA,2020,21898000,0
NER2018,Niger,NER,2018,22442948,17.6
NER2019,Niger,NER,2019,23310715,0
CIV2016,Cote d'Ivoire,CIV,2016,23822714,64.3
CMR2016,Cameroon,CMR,2016,23926539,60.0260849
AUS2016,Australia,AUS,2016,24190907,100
NER2020,Niger,NER,2020,24207000,0
CIV2017,Cote d'Ivoire,CIV,2017,24437469,65.6
CMR2017,Cameroon,CMR,2017,24566045,61.34233475
AUS2017,Australia,AUS,2017,24601860,100
MDG2016,Madagascar,MDG,2016,24894380,22.9
AUS2018,Australia,AUS,2018,24982688,100
CIV2018,Cote d'Ivoire,CIV,2018,25069229,66.99118042
CMR2018,Cameroon,CMR,2018,25216237,62.66007233
PRK2016,"Korea, Dem. People’s Rep.",PRK,2016,25307744,43.60939789
AUS2019,Australia,AUS,2019,25364307,0
PRK2017,"Korea, Dem. People’s Rep.",PRK,2017,25429985,46.04936981
PRK2018,"Korea, Dem. People’s Rep.",PRK,2018,25549819,48.49082565
MDG2017,Madagascar,MDG,2017,25570540,24.1
AUS2020,Australia,AUS,2020,25651000,0
PRK2019,"Korea, Dem. People’s Rep.",PRK,2019,25666161,0
CIV2019,Cote d'Ivoire,CIV,2019,25716544,0
PRK2020,"Korea, Dem. People’s Rep.",PRK,2020,25779000,0
CMR2019,Cameroon,CMR,2019,25876380,0
MDG2018,Madagascar,MDG,2018,26262368,25.90781212
CIV2020,Cote d'Ivoire,CIV,2020,26378000,0
CMR2020,Cameroon,CMR,2020,26546000,0
MDG2019,Madagascar,MDG,2019,26969307,0
YEM2016,"Yemen, Rep.",YEM,2016,27168210,70.8562851
NPL2016,Nepal,NPL,2016,27261131,90.7
NPL2017,Nepal,NPL,2017,27627124,92.41319275
MDG2020,Madagascar,MDG,2020,27691000,0
MOZ2016,Mozambique,MOZ,2016,27829942,27.71867561
YEM2017,"Yemen, Rep.",YEM,2017,27834821,79.2
NPL2018,Nepal,NPL,2018,28087871,93.92
VEN2020,"Venezuela, RB",VEN,2020,28436000,0
GHA2016,Ghana,GHA,2016,28481946,79.3
YEM2018,"Yemen, Rep.",YEM,2018,28498687,62
VEN2019,"Venezuela, RB",VEN,2019,28515829,0
NPL2019,Nepal,NPL,2019,28608710,0
MOZ2017,Mozambique,MOZ,2017,28649007,29.2663784
AGO2016,Angola,AGO,2016,28842484,40.66801834
VEN2018,"Venezuela, RB",VEN,2018,28870195,100
GHA2017,Ghana,GHA,2017,29121471,79
NPL2020,Nepal,NPL,2020,29137000,0
YEM2019,"Yemen, Rep.",YEM,2019,29161922,0
VEN2017,"Venezuela, RB",VEN,2017,29390409,99.2
MOZ2018,Mozambique,MOZ,2018,29495962,31.1
OSS2016,Other small states,OSS,2016,29542879,74.13853052
GHA2018,Ghana,GHA,2018,29767108,82.39457703
AGO2017,Angola,AGO,2017,29816748,41.96289444
YEM2020,"Yemen, Rep.",YEM,2020,29826000,0
VEN2016,"Venezuela, RB",VEN,2016,29846179,99.4
OSS2017,Other small states,OSS,2017,30148800,75.08701409
MOZ2019,Mozambique,MOZ,2019,30366036,0
GHA2019,Ghana,GHA,2019,30417856,0
MYS2016,Malaysia,MYS,2016,30684804,100
OSS2018,Other small states,OSS,2018,30760211,77.34628233
AGO2018,Angola,AGO,2018,30809762,43.25925827
PER2016,Peru,PER,2016,30926032,94.2
GHA2020,Ghana,GHA,2020,31073000,0
MYS2017,Malaysia,MYS,2017,31105028,100
MOZ2020,Mozambique,MOZ,2020,31255000,0
OSS2019,Other small states,OSS,2019,31360407,0
PER2017,Peru,PER,2017,31444297,94.8
MYS2018,Malaysia,MYS,2018,31528585,100
AGO2019,Angola,AGO,2019,31825295,0
UZB2016,Uzbekistan,UZB,2016,31847900,100
OSS2020,Other small states,OSS,2020,31915000,0
MYS2019,Malaysia,MYS,2019,31949777,0
PER2018,Peru,PER,2018,31989256,95.2
MYS2020,Malaysia,MYS,2020,32366000,0
UZB2017,Uzbekistan,UZB,2017,32388600,100
SAU2016,Saudi Arabia,SAU,2016,32442572,99.9
PER2019,Peru,PER,2019,32510453,0
AGO2020,Angola,AGO,2020,32866000,0
UZB2018,Uzbekistan,UZB,2018,32956100,100
PER2020,Peru,PER,2020,32972000,0
SAU2017,Saudi Arabia,SAU,2017,33099147,99.93
UZB2019,Uzbekistan,UZB,2019,33580650,0
SAU2018,Saudi Arabia,SAU,2018,33699947,100
UZB2020,Uzbekistan,UZB,2020,34074000,0
SAU2019,Saudi Arabia,SAU,2019,34268528,0
SAU2020,Saudi Arabia,SAU,2020,34814000,0
MAR2016,Morocco,MAR,2016,35126296,99.74356842
AFG2016,Afghanistan,AFG,2016,35383128,97.7
MAR2017,Morocco,MAR,2017,35581294,100
MAR2018,Morocco,MAR,2018,36029138,100
CAN2016,Canada,CAN,2016,36109487,100
AFG2017,Afghanistan,AFG,2017,36296400,97.7
MAR2019,Morocco,MAR,2019,36471769,0
CAN2017,Canada,CAN,2017,36543321,100
IRQ2016,Iraq,IRQ,2016,36610632,99.69425964
MAR2020,Morocco,MAR,2020,36911000,0
CAN2018,Canada,CAN,2018,37057765,100
AFG2018,Afghanistan,AFG,2018,37172386,98.71320343
IRQ2017,Iraq,IRQ,2017,37552781,99.90985107
CAN2019,Canada,CAN,2019,37589262,0
CAN2020,Canada,CAN,2020,37912000,0
POL2020,Poland,POL,2020,37919000,0
POL2016,Poland,POL,2016,37970087,100
POL2019,Poland,POL,2019,37970874,0
POL2018,Poland,POL,2018,37974750,100
POL2017,Poland,POL,2017,37974826,100
AFG2019,Afghanistan,AFG,2019,38041754,0
IRQ2018,Iraq,IRQ,2018,38433600,99.9
AFG2020,Afghanistan,AFG,2020,38928000,0
SST2016,Small states,SST,2016,39200571,78.8466753
IRQ2019,Iraq,IRQ,2019,39309783,0
UGA2016,Uganda,UGA,2016,39647506,26.7
SDN2016,Sudan,SDN,2016,39847440,53.04813766
SST2017,Small states,SST,2017,39885872,79.72521905
IRQ2020,Iraq,IRQ,2020,40222000,0
DZA2016,Algeria,DZA,2016,40551404,99.99005127
SST2018,Small states,SST,2018,40576536,81.6587557
SDN2017,Sudan,SDN,2017,40813396,56.5
UGA2017,Uganda,UGA,2017,41162465,31.82337379
SST2019,Small states,SST,2019,41255486,0
DZA2017,Algeria,DZA,2017,41389198,100
SDN2018,Sudan,SDN,2018,41801533,59.783535
SST2020,Small states,SST,2020,41888000,0
DZA2018,Algeria,DZA,2018,42228429,100
UGA2018,Uganda,UGA,2018,42723139,42.65
SDN2019,Sudan,SDN,2019,42813238,0
DZA2019,Algeria,DZA,2019,43053054,0
ARG2016,Argentina,ARG,2016,43590368,99.9591217
SDN2020,Sudan,SDN,2020,43849000,0
DZA2020,Algeria,DZA,2020,43851000,0
ARG2017,Argentina,ARG,2017,44044811,100
UKR2020,Ukraine,UKR,2020,44118000,0
UGA2019,Uganda,UGA,2019,44269594,0
UKR2019,Ukraine,UKR,2019,44385155,0
ARG2018,Argentina,ARG,2018,44494502,100
UKR2018,Ukraine,UKR,2018,44622518,100
UKR2017,Ukraine,UKR,2017,44831135,100
ARG2019,Argentina,ARG,2019,44938712,0
UKR2016,Ukraine,UKR,2016,45004674,100
ARG2020,Argentina,ARG,2020,45350000,0
UGA2020,Uganda,UGA,2020,45741000,0
ESP2016,Spain,ESP,2016,46484062,100
ESP2017,Spain,ESP,2017,46593236,100
ESP2018,Spain,ESP,2018,46797754,100
ESP2019,Spain,ESP,2019,47076781,0
ESP2020,Spain,ESP,2020,47077000,0
COL2016,Colombia,COL,2016,48175048,98.4
COL2017,Colombia,COL,2017,48909844,98.5
KEN2016,Kenya,KEN,2016,49051686,65.4
COL2018,Colombia,COL,2018,49661056,99.93644714
KEN2017,Kenya,KEN,2017,50221473,63.58908844
COL2019,Colombia,COL,2019,50339443,0
COL2020,Colombia,COL,2020,50883000,0
KOR2016,"Korea, Rep.",KOR,2016,51217803,100
KOR2017,"Korea, Rep.",KOR,2017,51361911,100
KEN2018,Kenya,KEN,2018,51393010,75
KOR2018,"Korea, Rep.",KOR,2018,51606633,100
KOR2019,"Korea, Rep.",KOR,2019,51709098,0
KOR2020,"Korea, Rep.",KOR,2020,51727000,0
KEN2019,Kenya,KEN,2019,52573973,0
MMR2016,Myanmar,MMR,2016,53045226,55.6
TZA2016,Tanzania,TZA,2016,53050790,32.8
MMR2017,Myanmar,MMR,2017,53382581,69.8148366
MMR2018,Myanmar,MMR,2018,53708395,66.26457214
KEN2020,Kenya,KEN,2020,53771000,0
MMR2019,Myanmar,MMR,2019,54045420,0
MMR2020,Myanmar,MMR,2020,54410000,0
TZA2017,Tanzania,TZA,2017,54663906,32.73287201
ZAF2016,South Africa,ZAF,2016,56203654,84.2
TZA2018,Tanzania,TZA,2018,56318348,35.55897903
ZAF2017,South Africa,ZAF,2017,57000451,84.4
ZAF2018,South Africa,ZAF,2018,57779622,91.22987366
TZA2019,Tanzania,TZA,2019,58005463,0
ZAF2019,South Africa,ZAF,2019,58558270,0
ZAF2020,South Africa,ZAF,2020,59309000,0
TZA2020,Tanzania,TZA,2020,59734000,0
ITA2020,Italy,ITA,2020,60172000,0
ITA2019,Italy,ITA,2019,60297396,0
ITA2018,Italy,ITA,2018,60421760,100
ITA2017,Italy,ITA,2017,60536709,100
ITA2016,Italy,ITA,2016,60627498,100
GBR2016,United Kingdom,GBR,2016,65611593,100
GBR2017,United Kingdom,GBR,2017,66058859,100
GBR2018,United Kingdom,GBR,2018,66460344,100
FRA2016,France,FRA,2016,66724104,100
GBR2019,United Kingdom,GBR,2019,66834405,0
FRA2017,France,FRA,2017,66864379,100
FRA2018,France,FRA,2018,66965912,100
FRA2019,France,FRA,2019,67059887,0
GBR2020,United Kingdom,GBR,2020,67156000,0
FRA2020,France,FRA,2020,67206000,0
THA2016,Thailand,THA,2016,68971331,100
THA2017,Thailand,THA,2017,69209858,99.9
THA2018,Thailand,THA,2018,69428524,100
THA2019,Thailand,THA,2019,69625582,0
THA2020,Thailand,THA,2020,69800000,0
COD2016,"Congo, Dem. Rep.",COD,2016,78789127,17.40341187
IRN2016,"Iran, Islamic Rep.",IRN,2016,79564016,100
TUR2016,Turkey,TUR,2016,79821724,100
IRN2017,"Iran, Islamic Rep.",IRN,2017,80673951,100
TUR2017,Turkey,TUR,2017,81101892,100
COD2017,"Congo, Dem. Rep.",COD,2017,81398764,18.22616386
IRN2018,"Iran, Islamic Rep.",IRN,2018,81800269,100
TUR2018,Turkey,TUR,2018,82319724,100
DEU2016,Germany,DEU,2016,82348669,100
DEU2017,Germany,DEU,2017,82657002,100
DEU2018,Germany,DEU,2018,82905782,100
IRN2019,"Iran, Islamic Rep.",IRN,2019,82913906,0
DEU2019,Germany,DEU,2019,83132799,0
DEU2020,Germany,DEU,2020,83191000,0
TUR2019,Turkey,TUR,2019,83429615,0
IRN2020,"Iran, Islamic Rep.",IRN,2020,83993000,0
COD2018,"Congo, Dem. Rep.",COD,2018,84068091,18.97766113
TUR2020,Turkey,TUR,2020,84339000,0
COD2019,"Congo, Dem. Rep.",COD,2019,86790567,0
COD2020,"Congo, Dem. Rep.",COD,2020,89561000,0
VNM2016,Vietnam,VNM,2016,93638724,99.2
EGY2016,"Egypt, Arab Rep.",EGY,2016,94447072,100
VNM2017,Vietnam,VNM,2017,94596642,100
VNM2018,Vietnam,VNM,2018,95540395,100
EGY2017,"Egypt, Arab Rep.",EGY,2017,96442593,100
VNM2019,Vietnam,VNM,2019,96462106,0
VNM2020,Vietnam,VNM,2020,97339000,0
EGY2018,"Egypt, Arab Rep.",EGY,2018,98423595,100
EGY2019,"Egypt, Arab Rep.",EGY,2019,100388073,0
CEB2020,Central Europe and the Baltics,CEB,2020,102066000,0
EGY2020,"Egypt, Arab Rep.",EGY,2020,102334000,0
CEB2019,Central Europe and the Baltics,CEB,2019,102378579,0
CEB2018,Central Europe and the Baltics,CEB,2018,102537026,100
CEB2017,Central Europe and the Baltics,CEB,2017,102738653,100
CEB2016,Central Europe and the Baltics,CEB,2016,102994278,99.8278347
ETH2016,Ethiopia,ETH,2016,103603501,42.9
PHL2016,Philippines,PHL,2016,103663927,92.30308533
PHL2017,Philippines,PHL,2017,105173264,93
ETH2017,Ethiopia,ETH,2017,106400024,44.3
PHL2018,Philippines,PHL,2018,106651922,94.85723114
PHL2019,Philippines,PHL,2019,108116615,0
ETH2018,Ethiopia,ETH,2018,109224559,44.97995758
PHL2020,Philippines,PHL,2020,109581000,0
ETH2019,Ethiopia,ETH,2019,112078730,0
ETH2020,Ethiopia,ETH,2020,114964000,0
MEX2016,Mexico,MEX,2016,123333376,99.5
MEX2017,Mexico,MEX,2017,124777324,100
JPN2020,Japan,JPN,2020,125769000,0
MEX2018,Mexico,MEX,2018,126190788,100
JPN2019,Japan,JPN,2019,126264931,0
JPN2018,Japan,JPN,2018,126529100,100
JPN2017,Japan,JPN,2017,126785797,100
JPN2016,Japan,JPN,2016,126994511,100
MEX2019,Mexico,MEX,2019,127575529,0
MEX2020,Mexico,MEX,2020,128933000,0
RUS2016,Russian Federation,RUS,2016,144342396,100
RUS2020,Russian Federation,RUS,2020,144346000,0
RUS2019,Russian Federation,RUS,2019,144373535,0
RUS2018,Russian Federation,RUS,2018,144477860,100
RUS2017,Russian Federation,RUS,2017,144496740,100
BGD2016,Bangladesh,BGD,2016,157970840,75.92
BGD2017,Bangladesh,BGD,2017,159670593,88
BGD2018,Bangladesh,BGD,2018,161356039,85.16042328
BGD2019,Bangladesh,BGD,2019,163046161,0
BGD2020,Bangladesh,BGD,2020,164689000,0
NGA2016,Nigeria,NGA,2016,185960289,59.3
NGA2017,Nigeria,NGA,2017,190873311,54.4
NGA2018,Nigeria,NGA,2018,195874740,56.5
NGA2019,Nigeria,NGA,2019,200963599,0
PAK2016,Pakistan,PAK,2016,203627284,71.41359711
NGA2020,Nigeria,NGA,2020,206140000,0
BRA2016,Brazil,BRA,2016,206163058,99.7
BRA2017,Brazil,BRA,2017,207833831,100
PAK2017,Pakistan,PAK,2017,207896686,70.79
BRA2018,Brazil,BRA,2018,209469333,100
BRA2019,Brazil,BRA,2019,211049527,0
PAK2018,Pakistan,PAK,2018,212215030,71.0915467
BRA2020,Brazil,BRA,2020,212559000,0
PAK2019,Pakistan,PAK,2019,216565318,0
PAK2020,Pakistan,PAK,2020,220892000,0
IDN2016,Indonesia,IDN,2016,261554226,97.62
IDN2017,Indonesia,IDN,2017,264645886,98.14
IDN2018,Indonesia,IDN,2018,267663435,98.51
IDN2019,Indonesia,IDN,2019,270625568,0
IDN2020,Indonesia,IDN,2020,273524000,0
USA2016,United States,USA,2016,322941311,100
USA2017,United States,USA,2017,324985539,100
USA2018,United States,USA,2018,326687501,100
USA2019,United States,USA,2019,328239523,0
USA2020,United States,USA,2020,330139000,0
EMU2016,Euro area,EMU,2016,340481753,100
EMU2017,Euro area,EMU,2017,341163597,100
EMU2018,Euro area,EMU,2018,341843156,100
EMU2019,Euro area,EMU,2019,342597698,0
EMU2020,Euro area,EMU,2020,342718000,0
NAC2016,North America,NAC,2016,359115352,100
NAC2017,North America,NAC,2017,361592733,100
NAC2018,North America,NAC,2018,363809186,100
NAC2019,North America,NAC,2019,365892703,0
TMN2016,Middle East & North Africa (IDA & IBRD countries),TMN,2016,365909373,96.68600018
NAC2020,North America,NAC,2020,368051000,0
MNA2016,Middle East & North Africa (excluding high income),MNA,2016,370276461,96.72497191
TMN2017,Middle East & North Africa (IDA & IBRD countries),TMN,2017,372091950,97.33836137
MNA2017,Middle East & North Africa (excluding high income),MNA,2017,376546755,97.36630117
TMN2018,Middle East & North Africa (IDA & IBRD countries),TMN,2018,378327628,95.81008559
MNA2018,Middle East & North Africa (excluding high income),MNA,2018,382896715,95.86008363
TMN2019,Middle East & North Africa (IDA & IBRD countries),TMN,2019,384771780,0
MNA2019,Middle East & North Africa (excluding high income),MNA,2019,389457086,0
TMN2020,Middle East & North Africa (IDA & IBRD countries),TMN,2020,391344000,0
ECA2016,Europe & Central Asia (excluding high income),ECA,2016,392870484,99.9822108
ECA2017,Europe & Central Asia (excluding high income),ECA,2017,395289709,99.98336818
MNA2020,Middle East & North Africa (excluding high income),MNA,2020,396144000,0
ECA2018,Europe & Central Asia (excluding high income),ECA,2018,397435105.5,99.98397075
ECA2019,Europe & Central Asia (excluding high income),ECA,2019,399404587,0
ECA2020,Europe & Central Asia (excluding high income),ECA,2020,401116000,0
ARB2016,Arab World,ARB,2016,404024435,89.3086017
ARB2017,Arab World,ARB,2017,411898967,90.28363756
ARB2018,Arab World,ARB,2018,419790591,89.28685622
ARB2019,Arab World,ARB,2019,427870270,0
MEA2016,Middle East & North Africa,MEA,2016,433597628,97.19576403
ARB2020,Arab World,ARB,2020,436078000,0
MEA2017,Middle East & North Africa,MEA,2017,441255236,97.74727276
EUU2016,European Union,EUU,2016,445487728,99.96019634
EUU2017,European Union,EUU,2017,446131273,100
EUU2018,European Union,EUU,2018,446777673,100
EUU2020,European Union,EUU,2020,447454000,0
EUU2019,European Union,EUU,2019,447512041,0
MEA2018,Middle East & North Africa,MEA,2018,448912962,96.46889149
TEC2016,Europe & Central Asia (IDA & IBRD countries),TEC,2016,454717187,99.94563457
MEA2019,Middle East & North Africa,MEA,2019,456707404,0
TEC2017,Europe & Central Asia (IDA & IBRD countries),TEC,2017,456976356,99.98561329
TEC2018,Europe & Central Asia (IDA & IBRD countries),TEC,2018,458970243.5,99.98611983
TEC2019,Europe & Central Asia (IDA & IBRD countries),TEC,2019,460799505,0
TEC2020,Europe & Central Asia (IDA & IBRD countries),TEC,2020,462316000,0
MEA2020,Middle East & North Africa,MEA,2020,464510000,0
LAC2016,Latin America & Caribbean (excluding high income),LAC,2016,596647568,97.43791574
LAC2017,Latin America & Caribbean (excluding high income),LAC,2017,602435369,97.76484535
LAC2018,Latin America & Caribbean (excluding high income),LAC,2018,608125444,98.24238996
TLA2016,Latin America & the Caribbean (IDA & IBRD countries),TLA,2016,612506457,97.48402623
LAC2019,Latin America & Caribbean (excluding high income),LAC,2019,613773119,0
TLA2017,Latin America & the Caribbean (IDA & IBRD countries),TLA,2017,618641500,97.82471143
LIC2016,Low income,LIC,2016,618780841,38.78696466
LAC2020,Latin America & Caribbean (excluding high income),LAC,2020,619401000,0
TLA2018,Latin America & the Caribbean (IDA & IBRD countries),TLA,2018,624681220,98.28897147
LCN2016,Latin America & Caribbean,LCN,2016,628488528,97.54536299
TLA2019,Latin America & the Caribbean (IDA & IBRD countries),TLA,2019,630644772,0
LCN2017,Latin America & Caribbean,LCN,2017,634554056,97.87798029
LIC2017,Low income,LIC,2017,634796692,40.68770392
TLA2020,Latin America & the Caribbean (IDA & IBRD countries),TLA,2020,636529000,0
LCN2018,Latin America & Caribbean,LCN,2018,640467174,98.33114415
LCN2019,Latin America & Caribbean,LCN,2019,646430843,0
LIC2018,Low income,LIC,2018,651327587,41.91719758
LCN2020,Latin America & Caribbean,LCN,2020,652201000,0
LIC2019,Low income,LIC,2019,668454965,0
LIC2020,Low income,LIC,2020,686091000,0
HPC2016,Heavily indebted poor countries (HIPC),HPC,2016,738387254,40.98574587
FCS2016,Fragile and conflict affected situations,FCS,2016,747004599,54.1159905
HPC2017,Heavily indebted poor countries (HIPC),HPC,2017,759106221,42.21198278
FCS2017,Fragile and conflict affected situations,FCS,2017,763578047,54.78295997
HPC2018,Heavily indebted poor countries (HIPC),HPC,2018,780234406,44.62590148
FCS2018,Fragile and conflict affected situations,FCS,2018,780467640,55.01691172
FCS2019,Fragile and conflict affected situations,FCS,2019,798138587,0
HPC2019,Heavily indebted poor countries (HIPC),HPC,2019,801708035,0
FCS2020,Fragile and conflict affected situations,FCS,2020,816747000,0
HPC2020,Heavily indebted poor countries (HIPC),HPC,2020,823482000,0
PRE2016,Pre-demographic dividend,PRE,2016,869943914,45.7107132
PRE2017,Pre-demographic dividend,PRE,2017,894512725,45.49449349
ECS2016,Europe & Central Asia,ECS,2016,910904758,99.97285619
ECS2017,Europe & Central Asia,ECS,2017,914585461,99.99281029
ECS2018,Europe & Central Asia,ECS,2018,917922618.5,99.99305849
PRE2018,Pre-demographic dividend,PRE,2018,919485393,48.39636644
ECS2019,Europe & Central Asia,ECS,2019,921140092,0
ECS2020,Europe & Central Asia,ECS,2020,923217000,0
PRE2019,Pre-demographic dividend,PRE,2019,944902749,0
LDC2016,Least developed countries: UN classification,LDC,2016,963511276,46.91430671
PRE2020,Pre-demographic dividend,PRE,2020,970795000,0
LDC2017,Least developed countries: UN classification,LDC,2017,986365080,51.03766694
LDC2018,Least developed countries: UN classification,LDC,2018,1009662578,51.58346079
SSA2016,Sub-Saharan Africa (excluding high income),SSA,2016,1021168391,44.60173544
SSF2016,Sub-Saharan Africa,SSF,2016,1022526541,44.67207903
TSS2016,Sub-Saharan Africa (IDA & IBRD countries),TSS,2016,1022526541,44.67207903
LDC2019,Least developed countries: UN classification,LDC,2019,1033388876,0
SSA2017,Sub-Saharan Africa (excluding high income),SSA,2017,1048793216,44.60211844
SSF2017,Sub-Saharan Africa,SSF,2017,1050153672,44.67078097
TSS2017,Sub-Saharan Africa (IDA & IBRD countries),TSS,2017,1050153672,44.67078097
LDC2020,Least developed countries: UN classification,LDC,2020,1057439000,0
SSA2018,Sub-Saharan Africa (excluding high income),SSA,2018,1076944455,47.60310661
SSF2018,Sub-Saharan Africa,SSF,2018,1078306520,47.66631842
TSS2018,Sub-Saharan Africa (IDA & IBRD countries),TSS,2018,1078306520,47.66631842
PST2016,Post-demographic dividend,PST,2016,1101715022,99.99849233
SSA2019,Sub-Saharan Africa (excluding high income),SSA,2019,1105594562,0
PST2017,Post-demographic dividend,PST,2017,1105771602,99.99926528
SSF2019,Sub-Saharan Africa,SSF,2019,1106957898,0
TSS2019,Sub-Saharan Africa (IDA & IBRD countries),TSS,2019,1106957898,0
PST2018,Post-demographic dividend,PST,2018,1109441474,100
PST2019,Post-demographic dividend,PST,2019,1112914457,0
PST2020,Post-demographic dividend,PST,2020,1115289000,0
SSA2020,Sub-Saharan Africa (excluding high income),SSA,2020,1134684000,0
SSF2020,Sub-Saharan Africa,SSF,2020,1136050000,0
TSS2020,Sub-Saharan Africa (IDA & IBRD countries),TSS,2020,1136050000,0
HIC2016,High income,HIC,2016,1219052243,99.96792345
HIC2017,High income,HIC,2017,1225031038,99.99535395
HIC2018,High income,HIC,2018,1230515710,99.9973414
HIC2019,High income,HIC,2019,1235852838,0
HIC2020,High income,HIC,2020,1239638000,0
IND2016,India,IND,2016,1324509589,89.67192078
OED2016,OECD members,OED,2016,1336645071,99.89619775
IND2017,India,IND,2017,1338658835,92.6
OED2017,OECD members,OED,2017,1344872020,99.94544851
IND2018,India,IND,2018,1352617328,95.2358551
OED2018,OECD members,OED,2018,1352645878,99.99766672
OED2019,OECD members,OED,2019,1359963500,0
OED2020,OECD members,OED,2020,1365704000,0
IND2019,India,IND,2019,1366417754,0
CHN2016,China,CHN,2016,1378665000,100
IND2020,India,IND,2020,1380004000,0
CHN2017,China,CHN,2017,1386395000,100
CHN2018,China,CHN,2018,1392730000,100
CHN2019,China,CHN,2019,1397715000,0
CHN2020,China,CHN,2020,1402667000,0
SAS2016,South Asia,SAS,2016,1771167194,86.62306947
TSA2016,South Asia (IDA & IBRD),TSA,2016,1771167194,86.62306947
SAS2017,South Asia,SAS,2017,1792835608,89.82433633
TSA2017,South Asia (IDA & IBRD),TSA,2017,1792835608,89.82433633
SAS2018,South Asia,SAS,2018,1814388744,91.62199183
TSA2018,South Asia (IDA & IBRD),TSA,2018,1814388744,91.62199183
SAS2019,South Asia,SAS,2019,1835776742,0
TSA2019,South Asia (IDA & IBRD),TSA,2019,1835776742,0
SAS2020,South Asia,SAS,2020,1856861000,0
TSA2020,South Asia (IDA & IBRD),TSA,2020,1856861000,0
TEA2016,East Asia & Pacific (IDA & IBRD countries),TEA,2016,2027771091,97.63220637
TEA2017,East Asia & Pacific (IDA & IBRD countries),TEA,2017,2042687863,98.26881377
EAP2016,East Asia & Pacific (excluding high income),EAP,2016,2053103802,96.96623958
TEA2018,East Asia & Pacific (IDA & IBRD countries),TEA,2018,2056064424,98.38320712
TEA2019,East Asia & Pacific (IDA & IBRD countries),TEA,2019,2067984156,0
EAP2017,East Asia & Pacific (excluding high income),EAP,2017,2068142784,97.62668001
TEA2020,East Asia & Pacific (IDA & IBRD countries),TEA,2020,2079755000,0
EAP2018,East Asia & Pacific (excluding high income),EAP,2018,2081639097,97.77079418
EAP2019,East Asia & Pacific (excluding high income),EAP,2019,2093675040,0
EAP2020,East Asia & Pacific (excluding high income),EAP,2020,2105558000,0
LTE2016,Late-demographic dividend,LTE,2016,2261412980,99.21498004
LTE2017,Late-demographic dividend,LTE,2017,2275534160,99.32014892
LTE2018,Late-demographic dividend,LTE,2018,2287846155,99.41005657
LTE2019,Late-demographic dividend,LTE,2019,2298470832,0
EAS2016,East Asia & Pacific,EAS,2016,2298486142,97.26212051
LTE2020,Late-demographic dividend,LTE,2020,2308543000,0
EAS2017,East Asia & Pacific,EAS,2017,2314097713,97.85712331
EAS2018,East Asia & Pacific,EAS,2018,2328138066,97.98643366
EAS2019,East Asia & Pacific,EAS,2019,2340628292,0
EAS2020,East Asia & Pacific,EAS,2020,2352512000,0
LMC2016,Lower middle income,LMC,2016,2790617792,82.5147164
UMC2016,Upper middle income,UMC,2016,2795835267,99.08136099
UMC2017,Upper middle income,UMC,2017,2817780046,99.20068329
LMC2017,Lower middle income,LMC,2017,2831466703,84.56850478
UMC2018,Upper middle income,UMC,2018,2837704209,99.42321215
UMC2019,Upper middle income,UMC,2019,2855862780,0
LMC2018,Lower middle income,LMC,2018,2872397765,86.261474
UMC2020,Upper middle income,UMC,2020,2873648000,0
LMC2019,Lower middle income,LMC,2019,2913363391,0
LMC2020,Lower middle income,LMC,2020,2954025000,0
EAR2016,Early-demographic dividend,EAR,2016,3164386912,87.27512648
EAR2017,Early-demographic dividend,EAR,2017,3206361028,89.61682593
EAR2018,Early-demographic dividend,EAR,2018,3248239444,90.72465216
EAR2019,Early-demographic dividend,EAR,2019,3290290613,0
EAR2020,Early-demographic dividend,EAR,2020,3331962000,0
MIC2016,Middle income,MIC,2016,5586453059,90.80569234
MIC2017,Middle income,MIC,2017,5649246749,91.86679684
MIC2018,Middle income,MIC,2018,5710101974,92.80229458
MIC2019,Middle income,MIC,2019,5769226171,0
MIC2020,Middle income,MIC,2020,5827673000,0
LMY2016,Low & middle income,LMY,2016,6205233900,85.61838084
LMY2017,Low & middle income,LMY,2017,6284043441,86.69678063
LMY2018,Low & middle income,LMY,2018,6361429561,87.59227754
LMY2019,Low & middle income,LMY,2019,6437681136,0
LMY2020,Low & middle income,LMY,2020,6513764000,0
WLD2016,World,WLD,2016,7424286143,87.93619515
WLD2017,World,WLD,2017,7509074479,88.83105884
WLD2018,World,WLD,2018,7591945271,89.5703145
WLD2019,World,WLD,2019,7673533974,0
WLD2020,World,WLD,2020,7753402000,0
ERI2016,Eritrea,ERI,2016,0,47.02776718
ERI2017,Eritrea,ERI,2017,0,48.32091522
ERI2018,Eritrea,ERI,2018,0,49.61554337
BMU2020,Bermuda,BMU,2020,0,0
ERI2019,Eritrea,ERI,2019,0,0
ERI2020,Eritrea,ERI,2020,0,0
GRL2020,Greenland,GRL,2020,0,0
INX2016,Not classified,INX,2016,0,0
INX2017,Not classified,INX,2017,0,0
INX2018,Not classified,INX,2018,0,0
INX2019,Not classified,INX,2019,0,0
INX2020,Not classified,INX,2020,0,0
SXM2020,Sint Maarten (Dutch part),SXM,2020,0,0
MAF2020,St. Martin (French part),MAF,2020,0,0
IDX2016,IDA only,IDX,2016,0,50.61212846
IDX2017,IDA only,IDX,2017,0,54.3585253
IDX2018,IDA only,IDX,2018,0,54.92656587
IDA2016,IDA total,IDA,2016,0,55.97755182
IDA2017,IDA total,IDA,2017,0,57.80337574
IDA2018,IDA total,IDA,2018,0,58.89140043
IDB2017,IDA blend,IDB,2017,0,64.60727344
IDB2016,IDA blend,IDB,2016,0,66.57990969
IDB2018,IDA blend,IDB,2018,0,66.72096495
IBT2016,IDA & IBRD total,IBT,2016,0,85.95484658
IBT2017,IDA & IBRD total,IBT,2017,0,87.01699092
IBT2018,IDA & IBRD total,IBT,2018,0,87.89260877
IBD2016,IBRD only,IBD,2016,0,95.93156612
IBD2017,IBRD only,IBD,2017,0,96.86893332
IBD2018,IBRD only,IBD,2018,0,97.80895514
IBD2019,IBRD only,IBD,2019,0,0
IBD2020,IBRD only,IBD,2020,0,0
IBT2019,IDA & IBRD total,IBT,2019,0,0
IBT2020,IDA & IBRD total,IBT,2020,0,0
IDB2019,IDA blend,IDB,2019,0,0
IDB2020,IDA blend,IDB,2020,0,0
IDX2019,IDA only,IDX,2019,0,0
IDX2020,IDA only,IDX,2020,0,0
IDA2019,IDA total,IDA,2019,0,0
IDA2020,IDA total,IDA,2020,0,0
